host: login1.cerberus.os
Building DAG of jobs...
Using shell: /usr/bin/bash
Provided remote nodes: 400
Job stats:
job         count
--------  -------
all             1
edta_tir       61
total          62

Select jobs to execute...
Execute 61 jobs...

[Mon Apr 20 20:49:54 2026]
rule edta_tir:
    input: /user/brussel/109/vsc10945/home/scratch/AmphibianTELibrary/Genomes/Geotrypetes_seraphini/Geotrypetes_seraphini_headers.fna
    output: /user/brussel/109/vsc10945/home/scratch/AmphibianTELibrary/Genomes/Geotrypetes_seraphini/Geotrypetes_seraphini.denovo
    log: /user/brussel/109/vsc10945/home/scratch/AmphibianTELibrary/LOGS/edta/edta_Geotrypetes_seraphini.log
    jobid: 89
    reason: Missing output files: /user/brussel/109/vsc10945/home/scratch/AmphibianTELibrary/Genomes/Geotrypetes_seraphini/Geotrypetes_seraphini.denovo; Code has changed since last execution
    wildcards: species=Geotrypetes_seraphini
    resources: mem_mb=7299, mem_mib=6961, disk_mb=100000, disk_mib=95368, tmpdir=<TBD>, nodes=1, tasks=1, cpus_per_task=16, mem_mb_per_cpu=25000, runtime=7200, partition=zen4,zen5_mpi


        CDS=$(find /user/brussel/109/vsc10945/home/scratch/AmphibianTELibrary/Genomes/Geotrypetes_seraphini -name '*cds*.fna' | head -1)
        cd /user/brussel/109/vsc10945/home/scratch/AmphibianTELibrary/Genomes/Geotrypetes_seraphini
        PYTHONNOUSERSITE=1 apptainer exec /apps/brussel/containers/edta/EDTA-2.3.0--hdfd78af_0.sif bash -c             'export LC_ALL=C LANG=C LANGUAGE=C && unset -f which && EDTA.pl             --genome /user/brussel/109/vsc10945/home/scratch/AmphibianTELibrary/Genomes/Geotrypetes_seraphini/Geotrypetes_seraphini_headers.fna             --cds '"$CDS"'             --curatedlib /user/brussel/109/vsc10945/home/scratch/TE/Libraries/repbase/31/RepBase31.03.fasta/vrtrep.ref             --type tir             --overwrite 0             --sensitive 0             --anno 0             --evaluate 0             --threads 16 > /user/brussel/109/vsc10945/home/scratch/AmphibianTELibrary/Genomes/Geotrypetes_seraphini/Geotrypetes_seraphini.denovo' 2> /user/brussel/109/vsc10945/home/scratch/AmphibianTELibrary/LOGS/edta/edta_Geotrypetes_seraphini.log
        
Submitted job 89 with external jobid 'Submitted batch job 11919517'.

[Mon Apr 20 20:49:54 2026]
rule edta_tir:
    input: /user/brussel/109/vsc10945/home/scratch/AmphibianTELibrary/Genomes/Xenopus_petersii/Xenopus_petersii_headers.fna
    output: /user/brussel/109/vsc10945/home/scratch/AmphibianTELibrary/Genomes/Xenopus_petersii/Xenopus_petersii.denovo
    log: /user/brussel/109/vsc10945/home/scratch/AmphibianTELibrary/LOGS/edta/edta_Xenopus_petersii.log
    jobid: 29
    reason: Missing output files: /user/brussel/109/vsc10945/home/scratch/AmphibianTELibrary/Genomes/Xenopus_petersii/Xenopus_petersii.denovo; Code has changed since last execution
    wildcards: species=Xenopus_petersii
    resources: mem_mb=5569, mem_mib=5312, disk_mb=100000, disk_mib=95368, tmpdir=<TBD>, nodes=1, tasks=1, cpus_per_task=16, mem_mb_per_cpu=25000, runtime=7200, partition=zen4,zen5_mpi


        CDS=$(find /user/brussel/109/vsc10945/home/scratch/AmphibianTELibrary/Genomes/Xenopus_petersii -name '*cds*.fna' | head -1)
        cd /user/brussel/109/vsc10945/home/scratch/AmphibianTELibrary/Genomes/Xenopus_petersii
        PYTHONNOUSERSITE=1 apptainer exec /apps/brussel/containers/edta/EDTA-2.3.0--hdfd78af_0.sif bash -c             'export LC_ALL=C LANG=C LANGUAGE=C && unset -f which && EDTA.pl             --genome /user/brussel/109/vsc10945/home/scratch/AmphibianTELibrary/Genomes/Xenopus_petersii/Xenopus_petersii_headers.fna             --cds '"$CDS"'             --curatedlib /user/brussel/109/vsc10945/home/scratch/TE/Libraries/repbase/31/RepBase31.03.fasta/vrtrep.ref             --type tir             --overwrite 0             --sensitive 0             --anno 0             --evaluate 0             --threads 16 > /user/brussel/109/vsc10945/home/scratch/AmphibianTELibrary/Genomes/Xenopus_petersii/Xenopus_petersii.denovo' 2> /user/brussel/109/vsc10945/home/scratch/AmphibianTELibrary/LOGS/edta/edta_Xenopus_petersii.log
        
Submitted job 29 with external jobid 'Submitted batch job 11919518'.

[Mon Apr 20 20:49:54 2026]
rule edta_tir:
    input: /user/brussel/109/vsc10945/home/scratch/AmphibianTELibrary/Genomes/Bufotes_viridis/Bufotes_viridis_headers.fna
    output: /user/brussel/109/vsc10945/home/scratch/AmphibianTELibrary/Genomes/Bufotes_viridis/Bufotes_viridis.denovo
    log: /user/brussel/109/vsc10945/home/scratch/AmphibianTELibrary/LOGS/edta/edta_Bufotes_viridis.log
    jobid: 59
    reason: Missing output files: /user/brussel/109/vsc10945/home/scratch/AmphibianTELibrary/Genomes/Bufotes_viridis/Bufotes_viridis.denovo; Code has changed since last execution
    wildcards: species=Bufotes_viridis
    resources: mem_mb=7333, mem_mib=6994, disk_mb=100000, disk_mib=95368, tmpdir=<TBD>, nodes=1, tasks=1, cpus_per_task=16, mem_mb_per_cpu=25000, runtime=7200, partition=zen4,zen5_mpi


        CDS=$(find /user/brussel/109/vsc10945/home/scratch/AmphibianTELibrary/Genomes/Bufotes_viridis -name '*cds*.fna' | head -1)
        cd /user/brussel/109/vsc10945/home/scratch/AmphibianTELibrary/Genomes/Bufotes_viridis
        PYTHONNOUSERSITE=1 apptainer exec /apps/brussel/containers/edta/EDTA-2.3.0--hdfd78af_0.sif bash -c             'export LC_ALL=C LANG=C LANGUAGE=C && unset -f which && EDTA.pl             --genome /user/brussel/109/vsc10945/home/scratch/AmphibianTELibrary/Genomes/Bufotes_viridis/Bufotes_viridis_headers.fna             --cds '"$CDS"'             --curatedlib /user/brussel/109/vsc10945/home/scratch/TE/Libraries/repbase/31/RepBase31.03.fasta/vrtrep.ref             --type tir             --overwrite 0             --sensitive 0             --anno 0             --evaluate 0             --threads 16 > /user/brussel/109/vsc10945/home/scratch/AmphibianTELibrary/Genomes/Bufotes_viridis/Bufotes_viridis.denovo' 2> /user/brussel/109/vsc10945/home/scratch/AmphibianTELibrary/LOGS/edta/edta_Bufotes_viridis.log
        
Submitted job 59 with external jobid 'Submitted batch job 11919519'.

[Mon Apr 20 20:49:54 2026]
rule edta_tir:
    input: /user/brussel/109/vsc10945/home/scratch/AmphibianTELibrary/Genomes/Ambystoma_mexicanum/Ambystoma_mexicanum_headers.fna
    output: /user/brussel/109/vsc10945/home/scratch/AmphibianTELibrary/Genomes/Ambystoma_mexicanum/Ambystoma_mexicanum.denovo
    log: /user/brussel/109/vsc10945/home/scratch/AmphibianTELibrary/LOGS/edta/edta_Ambystoma_mexicanum.log
    jobid: 119
    reason: Forced execution
    wildcards: species=Ambystoma_mexicanum
    resources: mem_mb=8000, mem_mib=7630, disk_mb=100000, disk_mib=95368, tmpdir=<TBD>, nodes=1, tasks=1, cpus_per_task=16, mem_mb_per_cpu=25000, runtime=7200, partition=zen4,zen5_mpi


        CDS=$(find /user/brussel/109/vsc10945/home/scratch/AmphibianTELibrary/Genomes/Ambystoma_mexicanum -name '*cds*.fna' | head -1)
        cd /user/brussel/109/vsc10945/home/scratch/AmphibianTELibrary/Genomes/Ambystoma_mexicanum
        PYTHONNOUSERSITE=1 apptainer exec /apps/brussel/containers/edta/EDTA-2.3.0--hdfd78af_0.sif bash -c             'export LC_ALL=C LANG=C LANGUAGE=C && unset -f which && EDTA.pl             --genome /user/brussel/109/vsc10945/home/scratch/AmphibianTELibrary/Genomes/Ambystoma_mexicanum/Ambystoma_mexicanum_headers.fna             --cds '"$CDS"'             --curatedlib /user/brussel/109/vsc10945/home/scratch/TE/Libraries/repbase/31/RepBase31.03.fasta/vrtrep.ref             --type tir             --overwrite 0             --sensitive 0             --anno 0             --evaluate 0             --threads 16 > /user/brussel/109/vsc10945/home/scratch/AmphibianTELibrary/Genomes/Ambystoma_mexicanum/Ambystoma_mexicanum.denovo' 2> /user/brussel/109/vsc10945/home/scratch/AmphibianTELibrary/LOGS/edta/edta_Ambystoma_mexicanum.log
        
Submitted job 119 with external jobid 'Submitted batch job 11919520'.

[Mon Apr 20 20:49:54 2026]
rule edta_tir:
    input: /user/brussel/109/vsc10945/home/scratch/AmphibianTELibrary/Genomes/Ascaphus_truei/Ascaphus_truei_headers.fna
    output: /user/brussel/109/vsc10945/home/scratch/AmphibianTELibrary/Genomes/Ascaphus_truei/Ascaphus_truei.denovo
    log: /user/brussel/109/vsc10945/home/scratch/AmphibianTELibrary/LOGS/edta/edta_Ascaphus_truei.log
    jobid: 91
    reason: Missing output files: /user/brussel/109/vsc10945/home/scratch/AmphibianTELibrary/Genomes/Ascaphus_truei/Ascaphus_truei.denovo; Code has changed since last execution
    wildcards: species=Ascaphus_truei
    resources: mem_mb=7189, mem_mib=6856, disk_mb=100000, disk_mib=95368, tmpdir=<TBD>, nodes=1, tasks=1, cpus_per_task=16, mem_mb_per_cpu=25000, runtime=7200, partition=zen4,zen5_mpi


        CDS=$(find /user/brussel/109/vsc10945/home/scratch/AmphibianTELibrary/Genomes/Ascaphus_truei -name '*cds*.fna' | head -1)
        cd /user/brussel/109/vsc10945/home/scratch/AmphibianTELibrary/Genomes/Ascaphus_truei
        PYTHONNOUSERSITE=1 apptainer exec /apps/brussel/containers/edta/EDTA-2.3.0--hdfd78af_0.sif bash -c             'export LC_ALL=C LANG=C LANGUAGE=C && unset -f which && EDTA.pl             --genome /user/brussel/109/vsc10945/home/scratch/AmphibianTELibrary/Genomes/Ascaphus_truei/Ascaphus_truei_headers.fna             --cds '"$CDS"'             --curatedlib /user/brussel/109/vsc10945/home/scratch/TE/Libraries/repbase/31/RepBase31.03.fasta/vrtrep.ref             --type tir             --overwrite 0             --sensitive 0             --anno 0             --evaluate 0             --threads 16 > /user/brussel/109/vsc10945/home/scratch/AmphibianTELibrary/Genomes/Ascaphus_truei/Ascaphus_truei.denovo' 2> /user/brussel/109/vsc10945/home/scratch/AmphibianTELibrary/LOGS/edta/edta_Ascaphus_truei.log
        
Submitted job 91 with external jobid 'Submitted batch job 11919521'.

[Mon Apr 20 20:49:54 2026]
rule edta_tir:
    input: /user/brussel/109/vsc10945/home/scratch/AmphibianTELibrary/Genomes/Bufo_gargarizans/Bufo_gargarizans_headers.fna
    output: /user/brussel/109/vsc10945/home/scratch/AmphibianTELibrary/Genomes/Bufo_gargarizans/Bufo_gargarizans.denovo
    log: /user/brussel/109/vsc10945/home/scratch/AmphibianTELibrary/LOGS/edta/edta_Bufo_gargarizans.log
    jobid: 31
    reason: Missing output files: /user/brussel/109/vsc10945/home/scratch/AmphibianTELibrary/Genomes/Bufo_gargarizans/Bufo_gargarizans.denovo; Code has changed since last execution
    wildcards: species=Bufo_gargarizans
    resources: mem_mb=8000, mem_mib=7630, disk_mb=100000, disk_mib=95368, tmpdir=<TBD>, nodes=1, tasks=1, cpus_per_task=16, mem_mb_per_cpu=25000, runtime=7200, partition=zen4,zen5_mpi


        CDS=$(find /user/brussel/109/vsc10945/home/scratch/AmphibianTELibrary/Genomes/Bufo_gargarizans -name '*cds*.fna' | head -1)
        cd /user/brussel/109/vsc10945/home/scratch/AmphibianTELibrary/Genomes/Bufo_gargarizans
        PYTHONNOUSERSITE=1 apptainer exec /apps/brussel/containers/edta/EDTA-2.3.0--hdfd78af_0.sif bash -c             'export LC_ALL=C LANG=C LANGUAGE=C && unset -f which && EDTA.pl             --genome /user/brussel/109/vsc10945/home/scratch/AmphibianTELibrary/Genomes/Bufo_gargarizans/Bufo_gargarizans_headers.fna             --cds '"$CDS"'             --curatedlib /user/brussel/109/vsc10945/home/scratch/TE/Libraries/repbase/31/RepBase31.03.fasta/vrtrep.ref             --type tir             --overwrite 0             --sensitive 0             --anno 0             --evaluate 0             --threads 16 > /user/brussel/109/vsc10945/home/scratch/AmphibianTELibrary/Genomes/Bufo_gargarizans/Bufo_gargarizans.denovo' 2> /user/brussel/109/vsc10945/home/scratch/AmphibianTELibrary/LOGS/edta/edta_Bufo_gargarizans.log
        
Submitted job 31 with external jobid 'Submitted batch job 11919522'.

[Mon Apr 20 20:49:54 2026]
rule edta_tir:
    input: /user/brussel/109/vsc10945/home/scratch/AmphibianTELibrary/Genomes/Lissotriton_vulgaris/Lissotriton_vulgaris_headers.fna
    output: /user/brussel/109/vsc10945/home/scratch/AmphibianTELibrary/Genomes/Lissotriton_vulgaris/Lissotriton_vulgaris.denovo
    log: /user/brussel/109/vsc10945/home/scratch/AmphibianTELibrary/LOGS/edta/edta_Lissotriton_vulgaris.log
    jobid: 61
    reason: Missing output files: /user/brussel/109/vsc10945/home/scratch/AmphibianTELibrary/Genomes/Lissotriton_vulgaris/Lissotriton_vulgaris.denovo; Code has changed since last execution
    wildcards: species=Lissotriton_vulgaris
    resources: mem_mb=8000, mem_mib=7630, disk_mb=100000, disk_mib=95368, tmpdir=<TBD>, nodes=1, tasks=1, cpus_per_task=16, mem_mb_per_cpu=25000, runtime=7200, partition=zen4,zen5_mpi


        CDS=$(find /user/brussel/109/vsc10945/home/scratch/AmphibianTELibrary/Genomes/Lissotriton_vulgaris -name '*cds*.fna' | head -1)
        cd /user/brussel/109/vsc10945/home/scratch/AmphibianTELibrary/Genomes/Lissotriton_vulgaris
        PYTHONNOUSERSITE=1 apptainer exec /apps/brussel/containers/edta/EDTA-2.3.0--hdfd78af_0.sif bash -c             'export LC_ALL=C LANG=C LANGUAGE=C && unset -f which && EDTA.pl             --genome /user/brussel/109/vsc10945/home/scratch/AmphibianTELibrary/Genomes/Lissotriton_vulgaris/Lissotriton_vulgaris_headers.fna             --cds '"$CDS"'             --curatedlib /user/brussel/109/vsc10945/home/scratch/TE/Libraries/repbase/31/RepBase31.03.fasta/vrtrep.ref             --type tir             --overwrite 0             --sensitive 0             --anno 0             --evaluate 0             --threads 16 > /user/brussel/109/vsc10945/home/scratch/AmphibianTELibrary/Genomes/Lissotriton_vulgaris/Lissotriton_vulgaris.denovo' 2> /user/brussel/109/vsc10945/home/scratch/AmphibianTELibrary/LOGS/edta/edta_Lissotriton_vulgaris.log
        
Submitted job 61 with external jobid 'Submitted batch job 11919523'.

[Mon Apr 20 20:49:54 2026]
rule edta_tir:
    input: /user/brussel/109/vsc10945/home/scratch/AmphibianTELibrary/Genomes/Rana_temporaria/Rana_temporaria_headers.fna
    output: /user/brussel/109/vsc10945/home/scratch/AmphibianTELibrary/Genomes/Rana_temporaria/Rana_temporaria.denovo
    log: /user/brussel/109/vsc10945/home/scratch/AmphibianTELibrary/LOGS/edta/edta_Rana_temporaria.log
    jobid: 121
    reason: Missing output files: /user/brussel/109/vsc10945/home/scratch/AmphibianTELibrary/Genomes/Rana_temporaria/Rana_temporaria.denovo; Code has changed since last execution
    wildcards: species=Rana_temporaria
    resources: mem_mb=7940, mem_mib=7573, disk_mb=100000, disk_mib=95368, tmpdir=<TBD>, nodes=1, tasks=1, cpus_per_task=16, mem_mb_per_cpu=25000, runtime=7200, partition=zen4,zen5_mpi


        CDS=$(find /user/brussel/109/vsc10945/home/scratch/AmphibianTELibrary/Genomes/Rana_temporaria -name '*cds*.fna' | head -1)
        cd /user/brussel/109/vsc10945/home/scratch/AmphibianTELibrary/Genomes/Rana_temporaria
        PYTHONNOUSERSITE=1 apptainer exec /apps/brussel/containers/edta/EDTA-2.3.0--hdfd78af_0.sif bash -c             'export LC_ALL=C LANG=C LANGUAGE=C && unset -f which && EDTA.pl             --genome /user/brussel/109/vsc10945/home/scratch/AmphibianTELibrary/Genomes/Rana_temporaria/Rana_temporaria_headers.fna             --cds '"$CDS"'             --curatedlib /user/brussel/109/vsc10945/home/scratch/TE/Libraries/repbase/31/RepBase31.03.fasta/vrtrep.ref             --type tir             --overwrite 0             --sensitive 0             --anno 0             --evaluate 0             --threads 16 > /user/brussel/109/vsc10945/home/scratch/AmphibianTELibrary/Genomes/Rana_temporaria/Rana_temporaria.denovo' 2> /user/brussel/109/vsc10945/home/scratch/AmphibianTELibrary/LOGS/edta/edta_Rana_temporaria.log
        
Submitted job 121 with external jobid 'Submitted batch job 11919524'.

[Mon Apr 20 20:49:54 2026]
rule edta_tir:
    input: /user/brussel/109/vsc10945/home/scratch/AmphibianTELibrary/Genomes/Ranitomeya_variabilis/Ranitomeya_variabilis_headers.fna
    output: /user/brussel/109/vsc10945/home/scratch/AmphibianTELibrary/Genomes/Ranitomeya_variabilis/Ranitomeya_variabilis.denovo
    log: /user/brussel/109/vsc10945/home/scratch/AmphibianTELibrary/LOGS/edta/edta_Ranitomeya_variabilis.log
    jobid: 93
    reason: Forced execution
    wildcards: species=Ranitomeya_variabilis
    resources: mem_mb=8000, mem_mib=7630, disk_mb=100000, disk_mib=95368, tmpdir=<TBD>, nodes=1, tasks=1, cpus_per_task=16, mem_mb_per_cpu=25000, runtime=7200, partition=zen4,zen5_mpi


        CDS=$(find /user/brussel/109/vsc10945/home/scratch/AmphibianTELibrary/Genomes/Ranitomeya_variabilis -name '*cds*.fna' | head -1)
        cd /user/brussel/109/vsc10945/home/scratch/AmphibianTELibrary/Genomes/Ranitomeya_variabilis
        PYTHONNOUSERSITE=1 apptainer exec /apps/brussel/containers/edta/EDTA-2.3.0--hdfd78af_0.sif bash -c             'export LC_ALL=C LANG=C LANGUAGE=C && unset -f which && EDTA.pl             --genome /user/brussel/109/vsc10945/home/scratch/AmphibianTELibrary/Genomes/Ranitomeya_variabilis/Ranitomeya_variabilis_headers.fna             --cds '"$CDS"'             --curatedlib /user/brussel/109/vsc10945/home/scratch/TE/Libraries/repbase/31/RepBase31.03.fasta/vrtrep.ref             --type tir             --overwrite 0             --sensitive 0             --anno 0             --evaluate 0             --threads 16 > /user/brussel/109/vsc10945/home/scratch/AmphibianTELibrary/Genomes/Ranitomeya_variabilis/Ranitomeya_variabilis.denovo' 2> /user/brussel/109/vsc10945/home/scratch/AmphibianTELibrary/LOGS/edta/edta_Ranitomeya_variabilis.log
        
Submitted job 93 with external jobid 'Submitted batch job 11919525'.

[Mon Apr 20 20:49:54 2026]
rule edta_tir:
    input: /user/brussel/109/vsc10945/home/scratch/AmphibianTELibrary/Genomes/Xenopus_borealis/Xenopus_borealis_headers.fna
    output: /user/brussel/109/vsc10945/home/scratch/AmphibianTELibrary/Genomes/Xenopus_borealis/Xenopus_borealis.denovo
    log: /user/brussel/109/vsc10945/home/scratch/AmphibianTELibrary/LOGS/edta/edta_Xenopus_borealis.log
    jobid: 33
    reason: Missing output files: /user/brussel/109/vsc10945/home/scratch/AmphibianTELibrary/Genomes/Xenopus_borealis/Xenopus_borealis.denovo; Code has changed since last execution
    wildcards: species=Xenopus_borealis
    resources: mem_mb=5307, mem_mib=5062, disk_mb=100000, disk_mib=95368, tmpdir=<TBD>, nodes=1, tasks=1, cpus_per_task=16, mem_mb_per_cpu=25000, runtime=7200, partition=zen4,zen5_mpi


        CDS=$(find /user/brussel/109/vsc10945/home/scratch/AmphibianTELibrary/Genomes/Xenopus_borealis -name '*cds*.fna' | head -1)
        cd /user/brussel/109/vsc10945/home/scratch/AmphibianTELibrary/Genomes/Xenopus_borealis
        PYTHONNOUSERSITE=1 apptainer exec /apps/brussel/containers/edta/EDTA-2.3.0--hdfd78af_0.sif bash -c             'export LC_ALL=C LANG=C LANGUAGE=C && unset -f which && EDTA.pl             --genome /user/brussel/109/vsc10945/home/scratch/AmphibianTELibrary/Genomes/Xenopus_borealis/Xenopus_borealis_headers.fna             --cds '"$CDS"'             --curatedlib /user/brussel/109/vsc10945/home/scratch/TE/Libraries/repbase/31/RepBase31.03.fasta/vrtrep.ref             --type tir             --overwrite 0             --sensitive 0             --anno 0             --evaluate 0             --threads 16 > /user/brussel/109/vsc10945/home/scratch/AmphibianTELibrary/Genomes/Xenopus_borealis/Xenopus_borealis.denovo' 2> /user/brussel/109/vsc10945/home/scratch/AmphibianTELibrary/LOGS/edta/edta_Xenopus_borealis.log
        
Submitted job 33 with external jobid 'Submitted batch job 11919526'.

[Mon Apr 20 20:49:54 2026]
rule edta_tir:
    input: /user/brussel/109/vsc10945/home/scratch/AmphibianTELibrary/Genomes/Hyla_sarda/Hyla_sarda_headers.fna
    output: /user/brussel/109/vsc10945/home/scratch/AmphibianTELibrary/Genomes/Hyla_sarda/Hyla_sarda.denovo
    log: /user/brussel/109/vsc10945/home/scratch/AmphibianTELibrary/LOGS/edta/edta_Hyla_sarda.log
    jobid: 3
    reason: Missing output files: /user/brussel/109/vsc10945/home/scratch/AmphibianTELibrary/Genomes/Hyla_sarda/Hyla_sarda.denovo; Code has changed since last execution
    wildcards: species=Hyla_sarda
    resources: mem_mb=7999, mem_mib=7629, disk_mb=100000, disk_mib=95368, tmpdir=<TBD>, nodes=1, tasks=1, cpus_per_task=16, mem_mb_per_cpu=25000, runtime=7200, partition=zen4,zen5_mpi


        CDS=$(find /user/brussel/109/vsc10945/home/scratch/AmphibianTELibrary/Genomes/Hyla_sarda -name '*cds*.fna' | head -1)
        cd /user/brussel/109/vsc10945/home/scratch/AmphibianTELibrary/Genomes/Hyla_sarda
        PYTHONNOUSERSITE=1 apptainer exec /apps/brussel/containers/edta/EDTA-2.3.0--hdfd78af_0.sif bash -c             'export LC_ALL=C LANG=C LANGUAGE=C && unset -f which && EDTA.pl             --genome /user/brussel/109/vsc10945/home/scratch/AmphibianTELibrary/Genomes/Hyla_sarda/Hyla_sarda_headers.fna             --cds '"$CDS"'             --curatedlib /user/brussel/109/vsc10945/home/scratch/TE/Libraries/repbase/31/RepBase31.03.fasta/vrtrep.ref             --type tir             --overwrite 0             --sensitive 0             --anno 0             --evaluate 0             --threads 16 > /user/brussel/109/vsc10945/home/scratch/AmphibianTELibrary/Genomes/Hyla_sarda/Hyla_sarda.denovo' 2> /user/brussel/109/vsc10945/home/scratch/AmphibianTELibrary/LOGS/edta/edta_Hyla_sarda.log
        
Submitted job 3 with external jobid 'Submitted batch job 11919527'.

[Mon Apr 20 20:49:54 2026]
rule edta_tir:
    input: /user/brussel/109/vsc10945/home/scratch/AmphibianTELibrary/Genomes/Spea_bombifrons/Spea_bombifrons_headers.fna
    output: /user/brussel/109/vsc10945/home/scratch/AmphibianTELibrary/Genomes/Spea_bombifrons/Spea_bombifrons.denovo
    log: /user/brussel/109/vsc10945/home/scratch/AmphibianTELibrary/LOGS/edta/edta_Spea_bombifrons.log
    jobid: 63
    reason: Code has changed since last execution
    wildcards: species=Spea_bombifrons
    resources: mem_mb=1907, mem_mib=1819, disk_mb=100000, disk_mib=95368, tmpdir=<TBD>, nodes=1, tasks=1, cpus_per_task=16, mem_mb_per_cpu=25000, runtime=7200, partition=zen4,zen5_mpi


        CDS=$(find /user/brussel/109/vsc10945/home/scratch/AmphibianTELibrary/Genomes/Spea_bombifrons -name '*cds*.fna' | head -1)
        cd /user/brussel/109/vsc10945/home/scratch/AmphibianTELibrary/Genomes/Spea_bombifrons
        PYTHONNOUSERSITE=1 apptainer exec /apps/brussel/containers/edta/EDTA-2.3.0--hdfd78af_0.sif bash -c             'export LC_ALL=C LANG=C LANGUAGE=C && unset -f which && EDTA.pl             --genome /user/brussel/109/vsc10945/home/scratch/AmphibianTELibrary/Genomes/Spea_bombifrons/Spea_bombifrons_headers.fna             --cds '"$CDS"'             --curatedlib /user/brussel/109/vsc10945/home/scratch/TE/Libraries/repbase/31/RepBase31.03.fasta/vrtrep.ref             --type tir             --overwrite 0             --sensitive 0             --anno 0             --evaluate 0             --threads 16 > /user/brussel/109/vsc10945/home/scratch/AmphibianTELibrary/Genomes/Spea_bombifrons/Spea_bombifrons.denovo' 2> /user/brussel/109/vsc10945/home/scratch/AmphibianTELibrary/LOGS/edta/edta_Spea_bombifrons.log
        
Submitted job 63 with external jobid 'Submitted batch job 11919528'.

[Mon Apr 20 20:49:54 2026]
rule edta_tir:
    input: /user/brussel/109/vsc10945/home/scratch/AmphibianTELibrary/Genomes/Leptodactylus_fuscus/Leptodactylus_fuscus_headers.fna
    output: /user/brussel/109/vsc10945/home/scratch/AmphibianTELibrary/Genomes/Leptodactylus_fuscus/Leptodactylus_fuscus.denovo
    log: /user/brussel/109/vsc10945/home/scratch/AmphibianTELibrary/LOGS/edta/edta_Leptodactylus_fuscus.log
    jobid: 87
    reason: Missing output files: /user/brussel/109/vsc10945/home/scratch/AmphibianTELibrary/Genomes/Leptodactylus_fuscus/Leptodactylus_fuscus.denovo; Code has changed since last execution
    wildcards: species=Leptodactylus_fuscus
    resources: mem_mb=4245, mem_mib=4049, disk_mb=100000, disk_mib=95368, tmpdir=<TBD>, nodes=1, tasks=1, cpus_per_task=16, mem_mb_per_cpu=25000, runtime=7200, partition=zen4,zen5_mpi


        CDS=$(find /user/brussel/109/vsc10945/home/scratch/AmphibianTELibrary/Genomes/Leptodactylus_fuscus -name '*cds*.fna' | head -1)
        cd /user/brussel/109/vsc10945/home/scratch/AmphibianTELibrary/Genomes/Leptodactylus_fuscus
        PYTHONNOUSERSITE=1 apptainer exec /apps/brussel/containers/edta/EDTA-2.3.0--hdfd78af_0.sif bash -c             'export LC_ALL=C LANG=C LANGUAGE=C && unset -f which && EDTA.pl             --genome /user/brussel/109/vsc10945/home/scratch/AmphibianTELibrary/Genomes/Leptodactylus_fuscus/Leptodactylus_fuscus_headers.fna             --cds '"$CDS"'             --curatedlib /user/brussel/109/vsc10945/home/scratch/TE/Libraries/repbase/31/RepBase31.03.fasta/vrtrep.ref             --type tir             --overwrite 0             --sensitive 0             --anno 0             --evaluate 0             --threads 16 > /user/brussel/109/vsc10945/home/scratch/AmphibianTELibrary/Genomes/Leptodactylus_fuscus/Leptodactylus_fuscus.denovo' 2> /user/brussel/109/vsc10945/home/scratch/AmphibianTELibrary/LOGS/edta/edta_Leptodactylus_fuscus.log
        
Submitted job 87 with external jobid 'Submitted batch job 11919529'.

[Mon Apr 20 20:49:55 2026]
rule edta_tir:
    input: /user/brussel/109/vsc10945/home/scratch/AmphibianTELibrary/Genomes/Pelophylax_nigromaculatus/Pelophylax_nigromaculatus_headers.fna
    output: /user/brussel/109/vsc10945/home/scratch/AmphibianTELibrary/Genomes/Pelophylax_nigromaculatus/Pelophylax_nigromaculatus.denovo
    log: /user/brussel/109/vsc10945/home/scratch/AmphibianTELibrary/LOGS/edta/edta_Pelophylax_nigromaculatus.log
    jobid: 95
    reason: Missing output files: /user/brussel/109/vsc10945/home/scratch/AmphibianTELibrary/Genomes/Pelophylax_nigromaculatus/Pelophylax_nigromaculatus.denovo
    wildcards: species=Pelophylax_nigromaculatus
    resources: mem_mb=8000, mem_mib=7630, disk_mb=100000, disk_mib=95368, tmpdir=<TBD>, nodes=1, tasks=1, cpus_per_task=16, mem_mb_per_cpu=25000, runtime=7200, partition=zen4,zen5_mpi


        CDS=$(find /user/brussel/109/vsc10945/home/scratch/AmphibianTELibrary/Genomes/Pelophylax_nigromaculatus -name '*cds*.fna' | head -1)
        cd /user/brussel/109/vsc10945/home/scratch/AmphibianTELibrary/Genomes/Pelophylax_nigromaculatus
        PYTHONNOUSERSITE=1 apptainer exec /apps/brussel/containers/edta/EDTA-2.3.0--hdfd78af_0.sif bash -c             'export LC_ALL=C LANG=C LANGUAGE=C && unset -f which && EDTA.pl             --genome /user/brussel/109/vsc10945/home/scratch/AmphibianTELibrary/Genomes/Pelophylax_nigromaculatus/Pelophylax_nigromaculatus_headers.fna             --cds '"$CDS"'             --curatedlib /user/brussel/109/vsc10945/home/scratch/TE/Libraries/repbase/31/RepBase31.03.fasta/vrtrep.ref             --type tir             --overwrite 0             --sensitive 0             --anno 0             --evaluate 0             --threads 16 > /user/brussel/109/vsc10945/home/scratch/AmphibianTELibrary/Genomes/Pelophylax_nigromaculatus/Pelophylax_nigromaculatus.denovo' 2> /user/brussel/109/vsc10945/home/scratch/AmphibianTELibrary/LOGS/edta/edta_Pelophylax_nigromaculatus.log
        
Submitted job 95 with external jobid 'Submitted batch job 11919530'.

[Mon Apr 20 20:49:55 2026]
rule edta_tir:
    input: /user/brussel/109/vsc10945/home/scratch/AmphibianTELibrary/Genomes/Pelophylax_lessonae/Pelophylax_lessonae_headers.fna
    output: /user/brussel/109/vsc10945/home/scratch/AmphibianTELibrary/Genomes/Pelophylax_lessonae/Pelophylax_lessonae.denovo
    log: /user/brussel/109/vsc10945/home/scratch/AmphibianTELibrary/LOGS/edta/edta_Pelophylax_lessonae.log
    jobid: 65
    reason: Missing output files: /user/brussel/109/vsc10945/home/scratch/AmphibianTELibrary/Genomes/Pelophylax_lessonae/Pelophylax_lessonae.denovo
    wildcards: species=Pelophylax_lessonae
    resources: mem_mb=8000, mem_mib=7630, disk_mb=100000, disk_mib=95368, tmpdir=<TBD>, nodes=1, tasks=1, cpus_per_task=16, mem_mb_per_cpu=25000, runtime=7200, partition=zen4,zen5_mpi


        CDS=$(find /user/brussel/109/vsc10945/home/scratch/AmphibianTELibrary/Genomes/Pelophylax_lessonae -name '*cds*.fna' | head -1)
        cd /user/brussel/109/vsc10945/home/scratch/AmphibianTELibrary/Genomes/Pelophylax_lessonae
        PYTHONNOUSERSITE=1 apptainer exec /apps/brussel/containers/edta/EDTA-2.3.0--hdfd78af_0.sif bash -c             'export LC_ALL=C LANG=C LANGUAGE=C && unset -f which && EDTA.pl             --genome /user/brussel/109/vsc10945/home/scratch/AmphibianTELibrary/Genomes/Pelophylax_lessonae/Pelophylax_lessonae_headers.fna             --cds '"$CDS"'             --curatedlib /user/brussel/109/vsc10945/home/scratch/TE/Libraries/repbase/31/RepBase31.03.fasta/vrtrep.ref             --type tir             --overwrite 0             --sensitive 0             --anno 0             --evaluate 0             --threads 16 > /user/brussel/109/vsc10945/home/scratch/AmphibianTELibrary/Genomes/Pelophylax_lessonae/Pelophylax_lessonae.denovo' 2> /user/brussel/109/vsc10945/home/scratch/AmphibianTELibrary/LOGS/edta/edta_Pelophylax_lessonae.log
        
Submitted job 65 with external jobid 'Submitted batch job 11919531'.

[Mon Apr 20 20:49:55 2026]
rule edta_tir:
    input: /user/brussel/109/vsc10945/home/scratch/AmphibianTELibrary/Genomes/Lithobates_sylvaticus/Lithobates_sylvaticus_headers.fna
    output: /user/brussel/109/vsc10945/home/scratch/AmphibianTELibrary/Genomes/Lithobates_sylvaticus/Lithobates_sylvaticus.denovo
    log: /user/brussel/109/vsc10945/home/scratch/AmphibianTELibrary/LOGS/edta/edta_Lithobates_sylvaticus.log
    jobid: 1
    reason: Missing output files: /user/brussel/109/vsc10945/home/scratch/AmphibianTELibrary/Genomes/Lithobates_sylvaticus/Lithobates_sylvaticus.denovo; Code has changed since last execution
    wildcards: species=Lithobates_sylvaticus
    resources: mem_mb=8000, mem_mib=7630, disk_mb=100000, disk_mib=95368, tmpdir=<TBD>, nodes=1, tasks=1, cpus_per_task=16, mem_mb_per_cpu=25000, runtime=7200, partition=zen4,zen5_mpi


        CDS=$(find /user/brussel/109/vsc10945/home/scratch/AmphibianTELibrary/Genomes/Lithobates_sylvaticus -name '*cds*.fna' | head -1)
        cd /user/brussel/109/vsc10945/home/scratch/AmphibianTELibrary/Genomes/Lithobates_sylvaticus
        PYTHONNOUSERSITE=1 apptainer exec /apps/brussel/containers/edta/EDTA-2.3.0--hdfd78af_0.sif bash -c             'export LC_ALL=C LANG=C LANGUAGE=C && unset -f which && EDTA.pl             --genome /user/brussel/109/vsc10945/home/scratch/AmphibianTELibrary/Genomes/Lithobates_sylvaticus/Lithobates_sylvaticus_headers.fna             --cds '"$CDS"'             --curatedlib /user/brussel/109/vsc10945/home/scratch/TE/Libraries/repbase/31/RepBase31.03.fasta/vrtrep.ref             --type tir             --overwrite 0             --sensitive 0             --anno 0             --evaluate 0             --threads 16 > /user/brussel/109/vsc10945/home/scratch/AmphibianTELibrary/Genomes/Lithobates_sylvaticus/Lithobates_sylvaticus.denovo' 2> /user/brussel/109/vsc10945/home/scratch/AmphibianTELibrary/LOGS/edta/edta_Lithobates_sylvaticus.log
        
Submitted job 1 with external jobid 'Submitted batch job 11919532'.

[Mon Apr 20 20:49:55 2026]
rule edta_tir:
    input: /user/brussel/109/vsc10945/home/scratch/AmphibianTELibrary/Genomes/Engystomops_pustulosus/Engystomops_pustulosus_headers.fna
    output: /user/brussel/109/vsc10945/home/scratch/AmphibianTELibrary/Genomes/Engystomops_pustulosus/Engystomops_pustulosus.denovo
    log: /user/brussel/109/vsc10945/home/scratch/AmphibianTELibrary/LOGS/edta/edta_Engystomops_pustulosus.log
    jobid: 5
    reason: Missing output files: /user/brussel/109/vsc10945/home/scratch/AmphibianTELibrary/Genomes/Engystomops_pustulosus/Engystomops_pustulosus.denovo; Code has changed since last execution
    wildcards: species=Engystomops_pustulosus
    resources: mem_mb=4168, mem_mib=3975, disk_mb=100000, disk_mib=95368, tmpdir=<TBD>, nodes=1, tasks=1, cpus_per_task=16, mem_mb_per_cpu=25000, runtime=7200, partition=zen4,zen5_mpi


        CDS=$(find /user/brussel/109/vsc10945/home/scratch/AmphibianTELibrary/Genomes/Engystomops_pustulosus -name '*cds*.fna' | head -1)
        cd /user/brussel/109/vsc10945/home/scratch/AmphibianTELibrary/Genomes/Engystomops_pustulosus
        PYTHONNOUSERSITE=1 apptainer exec /apps/brussel/containers/edta/EDTA-2.3.0--hdfd78af_0.sif bash -c             'export LC_ALL=C LANG=C LANGUAGE=C && unset -f which && EDTA.pl             --genome /user/brussel/109/vsc10945/home/scratch/AmphibianTELibrary/Genomes/Engystomops_pustulosus/Engystomops_pustulosus_headers.fna             --cds '"$CDS"'             --curatedlib /user/brussel/109/vsc10945/home/scratch/TE/Libraries/repbase/31/RepBase31.03.fasta/vrtrep.ref             --type tir             --overwrite 0             --sensitive 0             --anno 0             --evaluate 0             --threads 16 > /user/brussel/109/vsc10945/home/scratch/AmphibianTELibrary/Genomes/Engystomops_pustulosus/Engystomops_pustulosus.denovo' 2> /user/brussel/109/vsc10945/home/scratch/AmphibianTELibrary/LOGS/edta/edta_Engystomops_pustulosus.log
        
Submitted job 5 with external jobid 'Submitted batch job 11919533'.

[Mon Apr 20 20:49:55 2026]
rule edta_tir:
    input: /user/brussel/109/vsc10945/home/scratch/AmphibianTELibrary/Genomes/Epidalea_calamita/Epidalea_calamita_headers.fna
    output: /user/brussel/109/vsc10945/home/scratch/AmphibianTELibrary/Genomes/Epidalea_calamita/Epidalea_calamita.denovo
    log: /user/brussel/109/vsc10945/home/scratch/AmphibianTELibrary/LOGS/edta/edta_Epidalea_calamita.log
    jobid: 35
    reason: Missing output files: /user/brussel/109/vsc10945/home/scratch/AmphibianTELibrary/Genomes/Epidalea_calamita/Epidalea_calamita.denovo; Code has changed since last execution
    wildcards: species=Epidalea_calamita
    resources: mem_mb=7169, mem_mib=6837, disk_mb=100000, disk_mib=95368, tmpdir=<TBD>, nodes=1, tasks=1, cpus_per_task=16, mem_mb_per_cpu=25000, runtime=7200, partition=zen4,zen5_mpi


        CDS=$(find /user/brussel/109/vsc10945/home/scratch/AmphibianTELibrary/Genomes/Epidalea_calamita -name '*cds*.fna' | head -1)
        cd /user/brussel/109/vsc10945/home/scratch/AmphibianTELibrary/Genomes/Epidalea_calamita
        PYTHONNOUSERSITE=1 apptainer exec /apps/brussel/containers/edta/EDTA-2.3.0--hdfd78af_0.sif bash -c             'export LC_ALL=C LANG=C LANGUAGE=C && unset -f which && EDTA.pl             --genome /user/brussel/109/vsc10945/home/scratch/AmphibianTELibrary/Genomes/Epidalea_calamita/Epidalea_calamita_headers.fna             --cds '"$CDS"'             --curatedlib /user/brussel/109/vsc10945/home/scratch/TE/Libraries/repbase/31/RepBase31.03.fasta/vrtrep.ref             --type tir             --overwrite 0             --sensitive 0             --anno 0             --evaluate 0             --threads 16 > /user/brussel/109/vsc10945/home/scratch/AmphibianTELibrary/Genomes/Epidalea_calamita/Epidalea_calamita.denovo' 2> /user/brussel/109/vsc10945/home/scratch/AmphibianTELibrary/LOGS/edta/edta_Epidalea_calamita.log
        
Submitted job 35 with external jobid 'Submitted batch job 11919534'.

[Mon Apr 20 20:49:55 2026]
rule edta_tir:
    input: /user/brussel/109/vsc10945/home/scratch/AmphibianTELibrary/Genomes/Fejervarya_limnocharis/Fejervarya_limnocharis_headers.fna
    output: /user/brussel/109/vsc10945/home/scratch/AmphibianTELibrary/Genomes/Fejervarya_limnocharis/Fejervarya_limnocharis.denovo
    log: /user/brussel/109/vsc10945/home/scratch/AmphibianTELibrary/LOGS/edta/edta_Fejervarya_limnocharis.log
    jobid: 7
    reason: Missing output files: /user/brussel/109/vsc10945/home/scratch/AmphibianTELibrary/Genomes/Fejervarya_limnocharis/Fejervarya_limnocharis.denovo
    wildcards: species=Fejervarya_limnocharis
    resources: mem_mb=6797, mem_mib=6483, disk_mb=100000, disk_mib=95368, tmpdir=<TBD>, nodes=1, tasks=1, cpus_per_task=16, mem_mb_per_cpu=25000, runtime=7200, partition=zen4,zen5_mpi


        CDS=$(find /user/brussel/109/vsc10945/home/scratch/AmphibianTELibrary/Genomes/Fejervarya_limnocharis -name '*cds*.fna' | head -1)
        cd /user/brussel/109/vsc10945/home/scratch/AmphibianTELibrary/Genomes/Fejervarya_limnocharis
        PYTHONNOUSERSITE=1 apptainer exec /apps/brussel/containers/edta/EDTA-2.3.0--hdfd78af_0.sif bash -c             'export LC_ALL=C LANG=C LANGUAGE=C && unset -f which && EDTA.pl             --genome /user/brussel/109/vsc10945/home/scratch/AmphibianTELibrary/Genomes/Fejervarya_limnocharis/Fejervarya_limnocharis_headers.fna             --cds '"$CDS"'             --curatedlib /user/brussel/109/vsc10945/home/scratch/TE/Libraries/repbase/31/RepBase31.03.fasta/vrtrep.ref             --type tir             --overwrite 0             --sensitive 0             --anno 0             --evaluate 0             --threads 16 > /user/brussel/109/vsc10945/home/scratch/AmphibianTELibrary/Genomes/Fejervarya_limnocharis/Fejervarya_limnocharis.denovo' 2> /user/brussel/109/vsc10945/home/scratch/AmphibianTELibrary/LOGS/edta/edta_Fejervarya_limnocharis.log
        
Submitted job 7 with external jobid 'Submitted batch job 11919535'.

[Mon Apr 20 20:49:55 2026]
rule edta_tir:
    input: /user/brussel/109/vsc10945/home/scratch/AmphibianTELibrary/Genomes/Eleutherodactylus_marnockii/Eleutherodactylus_marnockii_headers.fna
    output: /user/brussel/109/vsc10945/home/scratch/AmphibianTELibrary/Genomes/Eleutherodactylus_marnockii/Eleutherodactylus_marnockii.denovo
    log: /user/brussel/109/vsc10945/home/scratch/AmphibianTELibrary/LOGS/edta/edta_Eleutherodactylus_marnockii.log
    jobid: 37
    reason: Missing output files: /user/brussel/109/vsc10945/home/scratch/AmphibianTELibrary/Genomes/Eleutherodactylus_marnockii/Eleutherodactylus_marnockii.denovo
    wildcards: species=Eleutherodactylus_marnockii
    resources: mem_mb=8000, mem_mib=7630, disk_mb=100000, disk_mib=95368, tmpdir=<TBD>, nodes=1, tasks=1, cpus_per_task=16, mem_mb_per_cpu=25000, runtime=7200, partition=zen4,zen5_mpi


        CDS=$(find /user/brussel/109/vsc10945/home/scratch/AmphibianTELibrary/Genomes/Eleutherodactylus_marnockii -name '*cds*.fna' | head -1)
        cd /user/brussel/109/vsc10945/home/scratch/AmphibianTELibrary/Genomes/Eleutherodactylus_marnockii
        PYTHONNOUSERSITE=1 apptainer exec /apps/brussel/containers/edta/EDTA-2.3.0--hdfd78af_0.sif bash -c             'export LC_ALL=C LANG=C LANGUAGE=C && unset -f which && EDTA.pl             --genome /user/brussel/109/vsc10945/home/scratch/AmphibianTELibrary/Genomes/Eleutherodactylus_marnockii/Eleutherodactylus_marnockii_headers.fna             --cds '"$CDS"'             --curatedlib /user/brussel/109/vsc10945/home/scratch/TE/Libraries/repbase/31/RepBase31.03.fasta/vrtrep.ref             --type tir             --overwrite 0             --sensitive 0             --anno 0             --evaluate 0             --threads 16 > /user/brussel/109/vsc10945/home/scratch/AmphibianTELibrary/Genomes/Eleutherodactylus_marnockii/Eleutherodactylus_marnockii.denovo' 2> /user/brussel/109/vsc10945/home/scratch/AmphibianTELibrary/LOGS/edta/edta_Eleutherodactylus_marnockii.log
        
Submitted job 37 with external jobid 'Submitted batch job 11919536'.

[Mon Apr 20 20:49:55 2026]
rule edta_tir:
    input: /user/brussel/109/vsc10945/home/scratch/AmphibianTELibrary/Genomes/Spea_multiplicata/Spea_multiplicata_headers.fna
    output: /user/brussel/109/vsc10945/home/scratch/AmphibianTELibrary/Genomes/Spea_multiplicata/Spea_multiplicata.denovo
    log: /user/brussel/109/vsc10945/home/scratch/AmphibianTELibrary/LOGS/edta/edta_Spea_multiplicata.log
    jobid: 67
    reason: Missing output files: /user/brussel/109/vsc10945/home/scratch/AmphibianTELibrary/Genomes/Spea_multiplicata/Spea_multiplicata.denovo
    wildcards: species=Spea_multiplicata
    resources: mem_mb=1853, mem_mib=1768, disk_mb=100000, disk_mib=95368, tmpdir=<TBD>, nodes=1, tasks=1, cpus_per_task=16, mem_mb_per_cpu=25000, runtime=7200, partition=zen4,zen5_mpi


        CDS=$(find /user/brussel/109/vsc10945/home/scratch/AmphibianTELibrary/Genomes/Spea_multiplicata -name '*cds*.fna' | head -1)
        cd /user/brussel/109/vsc10945/home/scratch/AmphibianTELibrary/Genomes/Spea_multiplicata
        PYTHONNOUSERSITE=1 apptainer exec /apps/brussel/containers/edta/EDTA-2.3.0--hdfd78af_0.sif bash -c             'export LC_ALL=C LANG=C LANGUAGE=C && unset -f which && EDTA.pl             --genome /user/brussel/109/vsc10945/home/scratch/AmphibianTELibrary/Genomes/Spea_multiplicata/Spea_multiplicata_headers.fna             --cds '"$CDS"'             --curatedlib /user/brussel/109/vsc10945/home/scratch/TE/Libraries/repbase/31/RepBase31.03.fasta/vrtrep.ref             --type tir             --overwrite 0             --sensitive 0             --anno 0             --evaluate 0             --threads 16 > /user/brussel/109/vsc10945/home/scratch/AmphibianTELibrary/Genomes/Spea_multiplicata/Spea_multiplicata.denovo' 2> /user/brussel/109/vsc10945/home/scratch/AmphibianTELibrary/LOGS/edta/edta_Spea_multiplicata.log
        
Submitted job 67 with external jobid 'Submitted batch job 11919537'.

[Mon Apr 20 20:49:55 2026]
rule edta_tir:
    input: /user/brussel/109/vsc10945/home/scratch/AmphibianTELibrary/Genomes/Desmognathus_fuscus/Desmognathus_fuscus_headers.fna
    output: /user/brussel/109/vsc10945/home/scratch/AmphibianTELibrary/Genomes/Desmognathus_fuscus/Desmognathus_fuscus.denovo
    log: /user/brussel/109/vsc10945/home/scratch/AmphibianTELibrary/LOGS/edta/edta_Desmognathus_fuscus.log
    jobid: 97
    reason: Missing output files: /user/brussel/109/vsc10945/home/scratch/AmphibianTELibrary/Genomes/Desmognathus_fuscus/Desmognathus_fuscus.denovo
    wildcards: species=Desmognathus_fuscus
    resources: mem_mb=8000, mem_mib=7630, disk_mb=100000, disk_mib=95368, tmpdir=<TBD>, nodes=1, tasks=1, cpus_per_task=16, mem_mb_per_cpu=25000, runtime=7200, partition=zen4,zen5_mpi


        CDS=$(find /user/brussel/109/vsc10945/home/scratch/AmphibianTELibrary/Genomes/Desmognathus_fuscus -name '*cds*.fna' | head -1)
        cd /user/brussel/109/vsc10945/home/scratch/AmphibianTELibrary/Genomes/Desmognathus_fuscus
        PYTHONNOUSERSITE=1 apptainer exec /apps/brussel/containers/edta/EDTA-2.3.0--hdfd78af_0.sif bash -c             'export LC_ALL=C LANG=C LANGUAGE=C && unset -f which && EDTA.pl             --genome /user/brussel/109/vsc10945/home/scratch/AmphibianTELibrary/Genomes/Desmognathus_fuscus/Desmognathus_fuscus_headers.fna             --cds '"$CDS"'             --curatedlib /user/brussel/109/vsc10945/home/scratch/TE/Libraries/repbase/31/RepBase31.03.fasta/vrtrep.ref             --type tir             --overwrite 0             --sensitive 0             --anno 0             --evaluate 0             --threads 16 > /user/brussel/109/vsc10945/home/scratch/AmphibianTELibrary/Genomes/Desmognathus_fuscus/Desmognathus_fuscus.denovo' 2> /user/brussel/109/vsc10945/home/scratch/AmphibianTELibrary/LOGS/edta/edta_Desmognathus_fuscus.log
        
Submitted job 97 with external jobid 'Submitted batch job 11919538'.

[Mon Apr 20 20:49:55 2026]
rule edta_tir:
    input: /user/brussel/109/vsc10945/home/scratch/AmphibianTELibrary/Genomes/Ranitomeya_imitator/Ranitomeya_imitator_headers.fna
    output: /user/brussel/109/vsc10945/home/scratch/AmphibianTELibrary/Genomes/Ranitomeya_imitator/Ranitomeya_imitator.denovo
    log: /user/brussel/109/vsc10945/home/scratch/AmphibianTELibrary/LOGS/edta/edta_Ranitomeya_imitator.log
    jobid: 9
    reason: Missing output files: /user/brussel/109/vsc10945/home/scratch/AmphibianTELibrary/Genomes/Ranitomeya_imitator/Ranitomeya_imitator.denovo
    wildcards: species=Ranitomeya_imitator
    resources: mem_mb=8000, mem_mib=7630, disk_mb=100000, disk_mib=95368, tmpdir=<TBD>, nodes=1, tasks=1, cpus_per_task=16, mem_mb_per_cpu=25000, runtime=7200, partition=zen4,zen5_mpi


        CDS=$(find /user/brussel/109/vsc10945/home/scratch/AmphibianTELibrary/Genomes/Ranitomeya_imitator -name '*cds*.fna' | head -1)
        cd /user/brussel/109/vsc10945/home/scratch/AmphibianTELibrary/Genomes/Ranitomeya_imitator
        PYTHONNOUSERSITE=1 apptainer exec /apps/brussel/containers/edta/EDTA-2.3.0--hdfd78af_0.sif bash -c             'export LC_ALL=C LANG=C LANGUAGE=C && unset -f which && EDTA.pl             --genome /user/brussel/109/vsc10945/home/scratch/AmphibianTELibrary/Genomes/Ranitomeya_imitator/Ranitomeya_imitator_headers.fna             --cds '"$CDS"'             --curatedlib /user/brussel/109/vsc10945/home/scratch/TE/Libraries/repbase/31/RepBase31.03.fasta/vrtrep.ref             --type tir             --overwrite 0             --sensitive 0             --anno 0             --evaluate 0             --threads 16 > /user/brussel/109/vsc10945/home/scratch/AmphibianTELibrary/Genomes/Ranitomeya_imitator/Ranitomeya_imitator.denovo' 2> /user/brussel/109/vsc10945/home/scratch/AmphibianTELibrary/LOGS/edta/edta_Ranitomeya_imitator.log
        
Submitted job 9 with external jobid 'Submitted batch job 11919539'.

[Mon Apr 20 20:49:55 2026]
rule edta_tir:
    input: /user/brussel/109/vsc10945/home/scratch/AmphibianTELibrary/Genomes/Pelobates_cultripes/Pelobates_cultripes_headers.fna
    output: /user/brussel/109/vsc10945/home/scratch/AmphibianTELibrary/Genomes/Pelobates_cultripes/Pelobates_cultripes.denovo
    log: /user/brussel/109/vsc10945/home/scratch/AmphibianTELibrary/LOGS/edta/edta_Pelobates_cultripes.log
    jobid: 39
    reason: Missing output files: /user/brussel/109/vsc10945/home/scratch/AmphibianTELibrary/Genomes/Pelobates_cultripes/Pelobates_cultripes.denovo
    wildcards: species=Pelobates_cultripes
    resources: mem_mb=5977, mem_mib=5701, disk_mb=100000, disk_mib=95368, tmpdir=<TBD>, nodes=1, tasks=1, cpus_per_task=16, mem_mb_per_cpu=25000, runtime=7200, partition=zen4,zen5_mpi


        CDS=$(find /user/brussel/109/vsc10945/home/scratch/AmphibianTELibrary/Genomes/Pelobates_cultripes -name '*cds*.fna' | head -1)
        cd /user/brussel/109/vsc10945/home/scratch/AmphibianTELibrary/Genomes/Pelobates_cultripes
        PYTHONNOUSERSITE=1 apptainer exec /apps/brussel/containers/edta/EDTA-2.3.0--hdfd78af_0.sif bash -c             'export LC_ALL=C LANG=C LANGUAGE=C && unset -f which && EDTA.pl             --genome /user/brussel/109/vsc10945/home/scratch/AmphibianTELibrary/Genomes/Pelobates_cultripes/Pelobates_cultripes_headers.fna             --cds '"$CDS"'             --curatedlib /user/brussel/109/vsc10945/home/scratch/TE/Libraries/repbase/31/RepBase31.03.fasta/vrtrep.ref             --type tir             --overwrite 0             --sensitive 0             --anno 0             --evaluate 0             --threads 16 > /user/brussel/109/vsc10945/home/scratch/AmphibianTELibrary/Genomes/Pelobates_cultripes/Pelobates_cultripes.denovo' 2> /user/brussel/109/vsc10945/home/scratch/AmphibianTELibrary/LOGS/edta/edta_Pelobates_cultripes.log
        
Submitted job 39 with external jobid 'Submitted batch job 11919540'.

[Mon Apr 20 20:49:55 2026]
rule edta_tir:
    input: /user/brussel/109/vsc10945/home/scratch/AmphibianTELibrary/Genomes/Ptychadena_robeensis/Ptychadena_robeensis_headers.fna
    output: /user/brussel/109/vsc10945/home/scratch/AmphibianTELibrary/Genomes/Ptychadena_robeensis/Ptychadena_robeensis.denovo
    log: /user/brussel/109/vsc10945/home/scratch/AmphibianTELibrary/LOGS/edta/edta_Ptychadena_robeensis.log
    jobid: 69
    reason: Missing output files: /user/brussel/109/vsc10945/home/scratch/AmphibianTELibrary/Genomes/Ptychadena_robeensis/Ptychadena_robeensis.denovo
    wildcards: species=Ptychadena_robeensis
    resources: mem_mb=3073, mem_mib=2931, disk_mb=100000, disk_mib=95368, tmpdir=<TBD>, nodes=1, tasks=1, cpus_per_task=16, mem_mb_per_cpu=25000, runtime=7200, partition=zen4,zen5_mpi


        CDS=$(find /user/brussel/109/vsc10945/home/scratch/AmphibianTELibrary/Genomes/Ptychadena_robeensis -name '*cds*.fna' | head -1)
        cd /user/brussel/109/vsc10945/home/scratch/AmphibianTELibrary/Genomes/Ptychadena_robeensis
        PYTHONNOUSERSITE=1 apptainer exec /apps/brussel/containers/edta/EDTA-2.3.0--hdfd78af_0.sif bash -c             'export LC_ALL=C LANG=C LANGUAGE=C && unset -f which && EDTA.pl             --genome /user/brussel/109/vsc10945/home/scratch/AmphibianTELibrary/Genomes/Ptychadena_robeensis/Ptychadena_robeensis_headers.fna             --cds '"$CDS"'             --curatedlib /user/brussel/109/vsc10945/home/scratch/TE/Libraries/repbase/31/RepBase31.03.fasta/vrtrep.ref             --type tir             --overwrite 0             --sensitive 0             --anno 0             --evaluate 0             --threads 16 > /user/brussel/109/vsc10945/home/scratch/AmphibianTELibrary/Genomes/Ptychadena_robeensis/Ptychadena_robeensis.denovo' 2> /user/brussel/109/vsc10945/home/scratch/AmphibianTELibrary/LOGS/edta/edta_Ptychadena_robeensis.log
        
Submitted job 69 with external jobid 'Submitted batch job 11919541'.

[Mon Apr 20 20:49:55 2026]
rule edta_tir:
    input: /user/brussel/109/vsc10945/home/scratch/AmphibianTELibrary/Genomes/Rana_muscosa/Rana_muscosa_headers.fna
    output: /user/brussel/109/vsc10945/home/scratch/AmphibianTELibrary/Genomes/Rana_muscosa/Rana_muscosa.denovo
    log: /user/brussel/109/vsc10945/home/scratch/AmphibianTELibrary/LOGS/edta/edta_Rana_muscosa.log
    jobid: 99
    reason: Missing output files: /user/brussel/109/vsc10945/home/scratch/AmphibianTELibrary/Genomes/Rana_muscosa/Rana_muscosa.denovo
    wildcards: species=Rana_muscosa
    resources: mem_mb=8000, mem_mib=7630, disk_mb=100000, disk_mib=95368, tmpdir=<TBD>, nodes=1, tasks=1, cpus_per_task=16, mem_mb_per_cpu=25000, runtime=7200, partition=zen4,zen5_mpi


        CDS=$(find /user/brussel/109/vsc10945/home/scratch/AmphibianTELibrary/Genomes/Rana_muscosa -name '*cds*.fna' | head -1)
        cd /user/brussel/109/vsc10945/home/scratch/AmphibianTELibrary/Genomes/Rana_muscosa
        PYTHONNOUSERSITE=1 apptainer exec /apps/brussel/containers/edta/EDTA-2.3.0--hdfd78af_0.sif bash -c             'export LC_ALL=C LANG=C LANGUAGE=C && unset -f which && EDTA.pl             --genome /user/brussel/109/vsc10945/home/scratch/AmphibianTELibrary/Genomes/Rana_muscosa/Rana_muscosa_headers.fna             --cds '"$CDS"'             --curatedlib /user/brussel/109/vsc10945/home/scratch/TE/Libraries/repbase/31/RepBase31.03.fasta/vrtrep.ref             --type tir             --overwrite 0             --sensitive 0             --anno 0             --evaluate 0             --threads 16 > /user/brussel/109/vsc10945/home/scratch/AmphibianTELibrary/Genomes/Rana_muscosa/Rana_muscosa.denovo' 2> /user/brussel/109/vsc10945/home/scratch/AmphibianTELibrary/LOGS/edta/edta_Rana_muscosa.log
        
Submitted job 99 with external jobid 'Submitted batch job 11919542'.

[Mon Apr 20 20:49:55 2026]
rule edta_tir:
    input: /user/brussel/109/vsc10945/home/scratch/AmphibianTELibrary/Genomes/Gastrophryne_carolinensis/Gastrophryne_carolinensis_headers.fna
    output: /user/brussel/109/vsc10945/home/scratch/AmphibianTELibrary/Genomes/Gastrophryne_carolinensis/Gastrophryne_carolinensis.denovo
    log: /user/brussel/109/vsc10945/home/scratch/AmphibianTELibrary/LOGS/edta/edta_Gastrophryne_carolinensis.log
    jobid: 11
    reason: Missing output files: /user/brussel/109/vsc10945/home/scratch/AmphibianTELibrary/Genomes/Gastrophryne_carolinensis/Gastrophryne_carolinensis.denovo
    wildcards: species=Gastrophryne_carolinensis
    resources: mem_mb=8000, mem_mib=7630, disk_mb=100000, disk_mib=95368, tmpdir=<TBD>, nodes=1, tasks=1, cpus_per_task=16, mem_mb_per_cpu=25000, runtime=7200, partition=zen4,zen5_mpi


        CDS=$(find /user/brussel/109/vsc10945/home/scratch/AmphibianTELibrary/Genomes/Gastrophryne_carolinensis -name '*cds*.fna' | head -1)
        cd /user/brussel/109/vsc10945/home/scratch/AmphibianTELibrary/Genomes/Gastrophryne_carolinensis
        PYTHONNOUSERSITE=1 apptainer exec /apps/brussel/containers/edta/EDTA-2.3.0--hdfd78af_0.sif bash -c             'export LC_ALL=C LANG=C LANGUAGE=C && unset -f which && EDTA.pl             --genome /user/brussel/109/vsc10945/home/scratch/AmphibianTELibrary/Genomes/Gastrophryne_carolinensis/Gastrophryne_carolinensis_headers.fna             --cds '"$CDS"'             --curatedlib /user/brussel/109/vsc10945/home/scratch/TE/Libraries/repbase/31/RepBase31.03.fasta/vrtrep.ref             --type tir             --overwrite 0             --sensitive 0             --anno 0             --evaluate 0             --threads 16 > /user/brussel/109/vsc10945/home/scratch/AmphibianTELibrary/Genomes/Gastrophryne_carolinensis/Gastrophryne_carolinensis.denovo' 2> /user/brussel/109/vsc10945/home/scratch/AmphibianTELibrary/LOGS/edta/edta_Gastrophryne_carolinensis.log
        
Submitted job 11 with external jobid 'Submitted batch job 11919543'.

[Mon Apr 20 20:49:56 2026]
rule edta_tir:
    input: /user/brussel/109/vsc10945/home/scratch/AmphibianTELibrary/Genomes/Leptobrachium_leishanense/Leptobrachium_leishanense_headers.fna
    output: /user/brussel/109/vsc10945/home/scratch/AmphibianTELibrary/Genomes/Leptobrachium_leishanense/Leptobrachium_leishanense.denovo
    log: /user/brussel/109/vsc10945/home/scratch/AmphibianTELibrary/LOGS/edta/edta_Leptobrachium_leishanense.log
    jobid: 41
    reason: Missing output files: /user/brussel/109/vsc10945/home/scratch/AmphibianTELibrary/Genomes/Leptobrachium_leishanense/Leptobrachium_leishanense.denovo
    wildcards: species=Leptobrachium_leishanense
    resources: mem_mb=6854, mem_mib=6537, disk_mb=100000, disk_mib=95368, tmpdir=<TBD>, nodes=1, tasks=1, cpus_per_task=16, mem_mb_per_cpu=25000, runtime=7200, partition=zen4,zen5_mpi


        CDS=$(find /user/brussel/109/vsc10945/home/scratch/AmphibianTELibrary/Genomes/Leptobrachium_leishanense -name '*cds*.fna' | head -1)
        cd /user/brussel/109/vsc10945/home/scratch/AmphibianTELibrary/Genomes/Leptobrachium_leishanense
        PYTHONNOUSERSITE=1 apptainer exec /apps/brussel/containers/edta/EDTA-2.3.0--hdfd78af_0.sif bash -c             'export LC_ALL=C LANG=C LANGUAGE=C && unset -f which && EDTA.pl             --genome /user/brussel/109/vsc10945/home/scratch/AmphibianTELibrary/Genomes/Leptobrachium_leishanense/Leptobrachium_leishanense_headers.fna             --cds '"$CDS"'             --curatedlib /user/brussel/109/vsc10945/home/scratch/TE/Libraries/repbase/31/RepBase31.03.fasta/vrtrep.ref             --type tir             --overwrite 0             --sensitive 0             --anno 0             --evaluate 0             --threads 16 > /user/brussel/109/vsc10945/home/scratch/AmphibianTELibrary/Genomes/Leptobrachium_leishanense/Leptobrachium_leishanense.denovo' 2> /user/brussel/109/vsc10945/home/scratch/AmphibianTELibrary/LOGS/edta/edta_Leptobrachium_leishanense.log
        
Submitted job 41 with external jobid 'Submitted batch job 11919544'.

[Mon Apr 20 20:49:56 2026]
rule edta_tir:
    input: /user/brussel/109/vsc10945/home/scratch/AmphibianTELibrary/Genomes/Rhinatrema_bivittatum/Rhinatrema_bivittatum_headers.fna
    output: /user/brussel/109/vsc10945/home/scratch/AmphibianTELibrary/Genomes/Rhinatrema_bivittatum/Rhinatrema_bivittatum.denovo
    log: /user/brussel/109/vsc10945/home/scratch/AmphibianTELibrary/LOGS/edta/edta_Rhinatrema_bivittatum.log
    jobid: 71
    reason: Missing output files: /user/brussel/109/vsc10945/home/scratch/AmphibianTELibrary/Genomes/Rhinatrema_bivittatum/Rhinatrema_bivittatum.denovo
    wildcards: species=Rhinatrema_bivittatum
    resources: mem_mb=8000, mem_mib=7630, disk_mb=100000, disk_mib=95368, tmpdir=<TBD>, nodes=1, tasks=1, cpus_per_task=16, mem_mb_per_cpu=25000, runtime=7200, partition=zen4,zen5_mpi


        CDS=$(find /user/brussel/109/vsc10945/home/scratch/AmphibianTELibrary/Genomes/Rhinatrema_bivittatum -name '*cds*.fna' | head -1)
        cd /user/brussel/109/vsc10945/home/scratch/AmphibianTELibrary/Genomes/Rhinatrema_bivittatum
        PYTHONNOUSERSITE=1 apptainer exec /apps/brussel/containers/edta/EDTA-2.3.0--hdfd78af_0.sif bash -c             'export LC_ALL=C LANG=C LANGUAGE=C && unset -f which && EDTA.pl             --genome /user/brussel/109/vsc10945/home/scratch/AmphibianTELibrary/Genomes/Rhinatrema_bivittatum/Rhinatrema_bivittatum_headers.fna             --cds '"$CDS"'             --curatedlib /user/brussel/109/vsc10945/home/scratch/TE/Libraries/repbase/31/RepBase31.03.fasta/vrtrep.ref             --type tir             --overwrite 0             --sensitive 0             --anno 0             --evaluate 0             --threads 16 > /user/brussel/109/vsc10945/home/scratch/AmphibianTELibrary/Genomes/Rhinatrema_bivittatum/Rhinatrema_bivittatum.denovo' 2> /user/brussel/109/vsc10945/home/scratch/AmphibianTELibrary/LOGS/edta/edta_Rhinatrema_bivittatum.log
        
Submitted job 71 with external jobid 'Submitted batch job 11919545'.

[Mon Apr 20 20:49:56 2026]
rule edta_tir:
    input: /user/brussel/109/vsc10945/home/scratch/AmphibianTELibrary/Genomes/Pelodytes_ibericus/Pelodytes_ibericus_headers.fna
    output: /user/brussel/109/vsc10945/home/scratch/AmphibianTELibrary/Genomes/Pelodytes_ibericus/Pelodytes_ibericus.denovo
    log: /user/brussel/109/vsc10945/home/scratch/AmphibianTELibrary/LOGS/edta/edta_Pelodytes_ibericus.log
    jobid: 101
    reason: Missing output files: /user/brussel/109/vsc10945/home/scratch/AmphibianTELibrary/Genomes/Pelodytes_ibericus/Pelodytes_ibericus.denovo
    wildcards: species=Pelodytes_ibericus
    resources: mem_mb=4012, mem_mib=3827, disk_mb=100000, disk_mib=95368, tmpdir=<TBD>, nodes=1, tasks=1, cpus_per_task=16, mem_mb_per_cpu=25000, runtime=7200, partition=zen4,zen5_mpi


        CDS=$(find /user/brussel/109/vsc10945/home/scratch/AmphibianTELibrary/Genomes/Pelodytes_ibericus -name '*cds*.fna' | head -1)
        cd /user/brussel/109/vsc10945/home/scratch/AmphibianTELibrary/Genomes/Pelodytes_ibericus
        PYTHONNOUSERSITE=1 apptainer exec /apps/brussel/containers/edta/EDTA-2.3.0--hdfd78af_0.sif bash -c             'export LC_ALL=C LANG=C LANGUAGE=C && unset -f which && EDTA.pl             --genome /user/brussel/109/vsc10945/home/scratch/AmphibianTELibrary/Genomes/Pelodytes_ibericus/Pelodytes_ibericus_headers.fna             --cds '"$CDS"'             --curatedlib /user/brussel/109/vsc10945/home/scratch/TE/Libraries/repbase/31/RepBase31.03.fasta/vrtrep.ref             --type tir             --overwrite 0             --sensitive 0             --anno 0             --evaluate 0             --threads 16 > /user/brussel/109/vsc10945/home/scratch/AmphibianTELibrary/Genomes/Pelodytes_ibericus/Pelodytes_ibericus.denovo' 2> /user/brussel/109/vsc10945/home/scratch/AmphibianTELibrary/LOGS/edta/edta_Pelodytes_ibericus.log
        
Submitted job 101 with external jobid 'Submitted batch job 11919546'.

[Mon Apr 20 20:49:56 2026]
rule edta_tir:
    input: /user/brussel/109/vsc10945/home/scratch/AmphibianTELibrary/Genomes/Rana_kukunoris/Rana_kukunoris_headers.fna
    output: /user/brussel/109/vsc10945/home/scratch/AmphibianTELibrary/Genomes/Rana_kukunoris/Rana_kukunoris.denovo
    log: /user/brussel/109/vsc10945/home/scratch/AmphibianTELibrary/LOGS/edta/edta_Rana_kukunoris.log
    jobid: 27
    reason: Missing output files: /user/brussel/109/vsc10945/home/scratch/AmphibianTELibrary/Genomes/Rana_kukunoris/Rana_kukunoris.denovo; Code has changed since last execution
    wildcards: species=Rana_kukunoris
    resources: mem_mb=8000, mem_mib=7630, disk_mb=100000, disk_mib=95368, tmpdir=<TBD>, nodes=1, tasks=1, cpus_per_task=16, mem_mb_per_cpu=25000, runtime=7200, partition=zen4,zen5_mpi


        CDS=$(find /user/brussel/109/vsc10945/home/scratch/AmphibianTELibrary/Genomes/Rana_kukunoris -name '*cds*.fna' | head -1)
        cd /user/brussel/109/vsc10945/home/scratch/AmphibianTELibrary/Genomes/Rana_kukunoris
        PYTHONNOUSERSITE=1 apptainer exec /apps/brussel/containers/edta/EDTA-2.3.0--hdfd78af_0.sif bash -c             'export LC_ALL=C LANG=C LANGUAGE=C && unset -f which && EDTA.pl             --genome /user/brussel/109/vsc10945/home/scratch/AmphibianTELibrary/Genomes/Rana_kukunoris/Rana_kukunoris_headers.fna             --cds '"$CDS"'             --curatedlib /user/brussel/109/vsc10945/home/scratch/TE/Libraries/repbase/31/RepBase31.03.fasta/vrtrep.ref             --type tir             --overwrite 0             --sensitive 0             --anno 0             --evaluate 0             --threads 16 > /user/brussel/109/vsc10945/home/scratch/AmphibianTELibrary/Genomes/Rana_kukunoris/Rana_kukunoris.denovo' 2> /user/brussel/109/vsc10945/home/scratch/AmphibianTELibrary/LOGS/edta/edta_Rana_kukunoris.log
        
Submitted job 27 with external jobid 'Submitted batch job 11919547'.

[Mon Apr 20 20:49:56 2026]
rule edta_tir:
    input: /user/brussel/109/vsc10945/home/scratch/AmphibianTELibrary/Genomes/Mantella_aurantiaca/Mantella_aurantiaca_headers.fna
    output: /user/brussel/109/vsc10945/home/scratch/AmphibianTELibrary/Genomes/Mantella_aurantiaca/Mantella_aurantiaca.denovo
    log: /user/brussel/109/vsc10945/home/scratch/AmphibianTELibrary/LOGS/edta/edta_Mantella_aurantiaca.log
    jobid: 13
    reason: Missing output files: /user/brussel/109/vsc10945/home/scratch/AmphibianTELibrary/Genomes/Mantella_aurantiaca/Mantella_aurantiaca.denovo
    wildcards: species=Mantella_aurantiaca
    resources: mem_mb=6410, mem_mib=6114, disk_mb=100000, disk_mib=95368, tmpdir=<TBD>, nodes=1, tasks=1, cpus_per_task=16, mem_mb_per_cpu=25000, runtime=7200, partition=zen4,zen5_mpi


        CDS=$(find /user/brussel/109/vsc10945/home/scratch/AmphibianTELibrary/Genomes/Mantella_aurantiaca -name '*cds*.fna' | head -1)
        cd /user/brussel/109/vsc10945/home/scratch/AmphibianTELibrary/Genomes/Mantella_aurantiaca
        PYTHONNOUSERSITE=1 apptainer exec /apps/brussel/containers/edta/EDTA-2.3.0--hdfd78af_0.sif bash -c             'export LC_ALL=C LANG=C LANGUAGE=C && unset -f which && EDTA.pl             --genome /user/brussel/109/vsc10945/home/scratch/AmphibianTELibrary/Genomes/Mantella_aurantiaca/Mantella_aurantiaca_headers.fna             --cds '"$CDS"'             --curatedlib /user/brussel/109/vsc10945/home/scratch/TE/Libraries/repbase/31/RepBase31.03.fasta/vrtrep.ref             --type tir             --overwrite 0             --sensitive 0             --anno 0             --evaluate 0             --threads 16 > /user/brussel/109/vsc10945/home/scratch/AmphibianTELibrary/Genomes/Mantella_aurantiaca/Mantella_aurantiaca.denovo' 2> /user/brussel/109/vsc10945/home/scratch/AmphibianTELibrary/LOGS/edta/edta_Mantella_aurantiaca.log
        
Submitted job 13 with external jobid 'Submitted batch job 11919548'.

[Mon Apr 20 20:49:56 2026]
rule edta_tir:
    input: /user/brussel/109/vsc10945/home/scratch/AmphibianTELibrary/Genomes/Xenopus_laevis/Xenopus_laevis_headers.fna
    output: /user/brussel/109/vsc10945/home/scratch/AmphibianTELibrary/Genomes/Xenopus_laevis/Xenopus_laevis.denovo
    log: /user/brussel/109/vsc10945/home/scratch/AmphibianTELibrary/LOGS/edta/edta_Xenopus_laevis.log
    jobid: 43
    reason: Missing output files: /user/brussel/109/vsc10945/home/scratch/AmphibianTELibrary/Genomes/Xenopus_laevis/Xenopus_laevis.denovo
    wildcards: species=Xenopus_laevis
    resources: mem_mb=5296, mem_mib=5051, disk_mb=100000, disk_mib=95368, tmpdir=<TBD>, nodes=1, tasks=1, cpus_per_task=16, mem_mb_per_cpu=25000, runtime=7200, partition=zen4,zen5_mpi


        CDS=$(find /user/brussel/109/vsc10945/home/scratch/AmphibianTELibrary/Genomes/Xenopus_laevis -name '*cds*.fna' | head -1)
        cd /user/brussel/109/vsc10945/home/scratch/AmphibianTELibrary/Genomes/Xenopus_laevis
        PYTHONNOUSERSITE=1 apptainer exec /apps/brussel/containers/edta/EDTA-2.3.0--hdfd78af_0.sif bash -c             'export LC_ALL=C LANG=C LANGUAGE=C && unset -f which && EDTA.pl             --genome /user/brussel/109/vsc10945/home/scratch/AmphibianTELibrary/Genomes/Xenopus_laevis/Xenopus_laevis_headers.fna             --cds '"$CDS"'             --curatedlib /user/brussel/109/vsc10945/home/scratch/TE/Libraries/repbase/31/RepBase31.03.fasta/vrtrep.ref             --type tir             --overwrite 0             --sensitive 0             --anno 0             --evaluate 0             --threads 16 > /user/brussel/109/vsc10945/home/scratch/AmphibianTELibrary/Genomes/Xenopus_laevis/Xenopus_laevis.denovo' 2> /user/brussel/109/vsc10945/home/scratch/AmphibianTELibrary/LOGS/edta/edta_Xenopus_laevis.log
        
Submitted job 43 with external jobid 'Submitted batch job 11919549'.

[Mon Apr 20 20:49:56 2026]
rule edta_tir:
    input: /user/brussel/109/vsc10945/home/scratch/AmphibianTELibrary/Genomes/Microcaecilia_unicolor/Microcaecilia_unicolor_headers.fna
    output: /user/brussel/109/vsc10945/home/scratch/AmphibianTELibrary/Genomes/Microcaecilia_unicolor/Microcaecilia_unicolor.denovo
    log: /user/brussel/109/vsc10945/home/scratch/AmphibianTELibrary/LOGS/edta/edta_Microcaecilia_unicolor.log
    jobid: 73
    reason: Missing output files: /user/brussel/109/vsc10945/home/scratch/AmphibianTELibrary/Genomes/Microcaecilia_unicolor/Microcaecilia_unicolor.denovo
    wildcards: species=Microcaecilia_unicolor
    resources: mem_mb=8000, mem_mib=7630, disk_mb=100000, disk_mib=95368, tmpdir=<TBD>, nodes=1, tasks=1, cpus_per_task=16, mem_mb_per_cpu=25000, runtime=7200, partition=zen4,zen5_mpi


        CDS=$(find /user/brussel/109/vsc10945/home/scratch/AmphibianTELibrary/Genomes/Microcaecilia_unicolor -name '*cds*.fna' | head -1)
        cd /user/brussel/109/vsc10945/home/scratch/AmphibianTELibrary/Genomes/Microcaecilia_unicolor
        PYTHONNOUSERSITE=1 apptainer exec /apps/brussel/containers/edta/EDTA-2.3.0--hdfd78af_0.sif bash -c             'export LC_ALL=C LANG=C LANGUAGE=C && unset -f which && EDTA.pl             --genome /user/brussel/109/vsc10945/home/scratch/AmphibianTELibrary/Genomes/Microcaecilia_unicolor/Microcaecilia_unicolor_headers.fna             --cds '"$CDS"'             --curatedlib /user/brussel/109/vsc10945/home/scratch/TE/Libraries/repbase/31/RepBase31.03.fasta/vrtrep.ref             --type tir             --overwrite 0             --sensitive 0             --anno 0             --evaluate 0             --threads 16 > /user/brussel/109/vsc10945/home/scratch/AmphibianTELibrary/Genomes/Microcaecilia_unicolor/Microcaecilia_unicolor.denovo' 2> /user/brussel/109/vsc10945/home/scratch/AmphibianTELibrary/LOGS/edta/edta_Microcaecilia_unicolor.log
        
Submitted job 73 with external jobid 'Submitted batch job 11919550'.

[Mon Apr 20 20:49:56 2026]
rule edta_tir:
    input: /user/brussel/109/vsc10945/home/scratch/AmphibianTELibrary/Genomes/Hymenochirus_boettgeri/Hymenochirus_boettgeri_headers.fna
    output: /user/brussel/109/vsc10945/home/scratch/AmphibianTELibrary/Genomes/Hymenochirus_boettgeri/Hymenochirus_boettgeri.denovo
    log: /user/brussel/109/vsc10945/home/scratch/AmphibianTELibrary/LOGS/edta/edta_Hymenochirus_boettgeri.log
    jobid: 103
    reason: Missing output files: /user/brussel/109/vsc10945/home/scratch/AmphibianTELibrary/Genomes/Hymenochirus_boettgeri/Hymenochirus_boettgeri.denovo
    wildcards: species=Hymenochirus_boettgeri
    resources: mem_mb=6202, mem_mib=5915, disk_mb=100000, disk_mib=95368, tmpdir=<TBD>, nodes=1, tasks=1, cpus_per_task=16, mem_mb_per_cpu=25000, runtime=7200, partition=zen4,zen5_mpi


        CDS=$(find /user/brussel/109/vsc10945/home/scratch/AmphibianTELibrary/Genomes/Hymenochirus_boettgeri -name '*cds*.fna' | head -1)
        cd /user/brussel/109/vsc10945/home/scratch/AmphibianTELibrary/Genomes/Hymenochirus_boettgeri
        PYTHONNOUSERSITE=1 apptainer exec /apps/brussel/containers/edta/EDTA-2.3.0--hdfd78af_0.sif bash -c             'export LC_ALL=C LANG=C LANGUAGE=C && unset -f which && EDTA.pl             --genome /user/brussel/109/vsc10945/home/scratch/AmphibianTELibrary/Genomes/Hymenochirus_boettgeri/Hymenochirus_boettgeri_headers.fna             --cds '"$CDS"'             --curatedlib /user/brussel/109/vsc10945/home/scratch/TE/Libraries/repbase/31/RepBase31.03.fasta/vrtrep.ref             --type tir             --overwrite 0             --sensitive 0             --anno 0             --evaluate 0             --threads 16 > /user/brussel/109/vsc10945/home/scratch/AmphibianTELibrary/Genomes/Hymenochirus_boettgeri/Hymenochirus_boettgeri.denovo' 2> /user/brussel/109/vsc10945/home/scratch/AmphibianTELibrary/LOGS/edta/edta_Hymenochirus_boettgeri.log
        
Submitted job 103 with external jobid 'Submitted batch job 11919551'.

[Mon Apr 20 20:49:56 2026]
rule edta_tir:
    input: /user/brussel/109/vsc10945/home/scratch/AmphibianTELibrary/Genomes/Pyxicephalus_adspersus/Pyxicephalus_adspersus_headers.fna
    output: /user/brussel/109/vsc10945/home/scratch/AmphibianTELibrary/Genomes/Pyxicephalus_adspersus/Pyxicephalus_adspersus.denovo
    log: /user/brussel/109/vsc10945/home/scratch/AmphibianTELibrary/LOGS/edta/edta_Pyxicephalus_adspersus.log
    jobid: 15
    reason: Missing output files: /user/brussel/109/vsc10945/home/scratch/AmphibianTELibrary/Genomes/Pyxicephalus_adspersus/Pyxicephalus_adspersus.denovo
    wildcards: species=Pyxicephalus_adspersus
    resources: mem_mb=2782, mem_mib=2654, disk_mb=100000, disk_mib=95368, tmpdir=<TBD>, nodes=1, tasks=1, cpus_per_task=16, mem_mb_per_cpu=25000, runtime=7200, partition=zen4,zen5_mpi


        CDS=$(find /user/brussel/109/vsc10945/home/scratch/AmphibianTELibrary/Genomes/Pyxicephalus_adspersus -name '*cds*.fna' | head -1)
        cd /user/brussel/109/vsc10945/home/scratch/AmphibianTELibrary/Genomes/Pyxicephalus_adspersus
        PYTHONNOUSERSITE=1 apptainer exec /apps/brussel/containers/edta/EDTA-2.3.0--hdfd78af_0.sif bash -c             'export LC_ALL=C LANG=C LANGUAGE=C && unset -f which && EDTA.pl             --genome /user/brussel/109/vsc10945/home/scratch/AmphibianTELibrary/Genomes/Pyxicephalus_adspersus/Pyxicephalus_adspersus_headers.fna             --cds '"$CDS"'             --curatedlib /user/brussel/109/vsc10945/home/scratch/TE/Libraries/repbase/31/RepBase31.03.fasta/vrtrep.ref             --type tir             --overwrite 0             --sensitive 0             --anno 0             --evaluate 0             --threads 16 > /user/brussel/109/vsc10945/home/scratch/AmphibianTELibrary/Genomes/Pyxicephalus_adspersus/Pyxicephalus_adspersus.denovo' 2> /user/brussel/109/vsc10945/home/scratch/AmphibianTELibrary/LOGS/edta/edta_Pyxicephalus_adspersus.log
        
Submitted job 15 with external jobid 'Submitted batch job 11919552'.

[Mon Apr 20 20:49:56 2026]
rule edta_tir:
    input: /user/brussel/109/vsc10945/home/scratch/AmphibianTELibrary/Genomes/Rhinophrynus_dorsalis/Rhinophrynus_dorsalis_headers.fna
    output: /user/brussel/109/vsc10945/home/scratch/AmphibianTELibrary/Genomes/Rhinophrynus_dorsalis/Rhinophrynus_dorsalis.denovo
    log: /user/brussel/109/vsc10945/home/scratch/AmphibianTELibrary/LOGS/edta/edta_Rhinophrynus_dorsalis.log
    jobid: 45
    reason: Missing output files: /user/brussel/109/vsc10945/home/scratch/AmphibianTELibrary/Genomes/Rhinophrynus_dorsalis/Rhinophrynus_dorsalis.denovo
    wildcards: species=Rhinophrynus_dorsalis
    resources: mem_mb=8000, mem_mib=7630, disk_mb=100000, disk_mib=95368, tmpdir=<TBD>, nodes=1, tasks=1, cpus_per_task=16, mem_mb_per_cpu=25000, runtime=7200, partition=zen4,zen5_mpi


        CDS=$(find /user/brussel/109/vsc10945/home/scratch/AmphibianTELibrary/Genomes/Rhinophrynus_dorsalis -name '*cds*.fna' | head -1)
        cd /user/brussel/109/vsc10945/home/scratch/AmphibianTELibrary/Genomes/Rhinophrynus_dorsalis
        PYTHONNOUSERSITE=1 apptainer exec /apps/brussel/containers/edta/EDTA-2.3.0--hdfd78af_0.sif bash -c             'export LC_ALL=C LANG=C LANGUAGE=C && unset -f which && EDTA.pl             --genome /user/brussel/109/vsc10945/home/scratch/AmphibianTELibrary/Genomes/Rhinophrynus_dorsalis/Rhinophrynus_dorsalis_headers.fna             --cds '"$CDS"'             --curatedlib /user/brussel/109/vsc10945/home/scratch/TE/Libraries/repbase/31/RepBase31.03.fasta/vrtrep.ref             --type tir             --overwrite 0             --sensitive 0             --anno 0             --evaluate 0             --threads 16 > /user/brussel/109/vsc10945/home/scratch/AmphibianTELibrary/Genomes/Rhinophrynus_dorsalis/Rhinophrynus_dorsalis.denovo' 2> /user/brussel/109/vsc10945/home/scratch/AmphibianTELibrary/LOGS/edta/edta_Rhinophrynus_dorsalis.log
        
Submitted job 45 with external jobid 'Submitted batch job 11919553'.

[Mon Apr 20 20:49:56 2026]
rule edta_tir:
    input: /user/brussel/109/vsc10945/home/scratch/AmphibianTELibrary/Genomes/Pseudacris_triseriata/Pseudacris_triseriata_headers.fna
    output: /user/brussel/109/vsc10945/home/scratch/AmphibianTELibrary/Genomes/Pseudacris_triseriata/Pseudacris_triseriata.denovo
    log: /user/brussel/109/vsc10945/home/scratch/AmphibianTELibrary/LOGS/edta/edta_Pseudacris_triseriata.log
    jobid: 75
    reason: Missing output files: /user/brussel/109/vsc10945/home/scratch/AmphibianTELibrary/Genomes/Pseudacris_triseriata/Pseudacris_triseriata.denovo
    wildcards: species=Pseudacris_triseriata
    resources: mem_mb=7714, mem_mib=7357, disk_mb=100000, disk_mib=95368, tmpdir=<TBD>, nodes=1, tasks=1, cpus_per_task=16, mem_mb_per_cpu=25000, runtime=7200, partition=zen4,zen5_mpi


        CDS=$(find /user/brussel/109/vsc10945/home/scratch/AmphibianTELibrary/Genomes/Pseudacris_triseriata -name '*cds*.fna' | head -1)
        cd /user/brussel/109/vsc10945/home/scratch/AmphibianTELibrary/Genomes/Pseudacris_triseriata
        PYTHONNOUSERSITE=1 apptainer exec /apps/brussel/containers/edta/EDTA-2.3.0--hdfd78af_0.sif bash -c             'export LC_ALL=C LANG=C LANGUAGE=C && unset -f which && EDTA.pl             --genome /user/brussel/109/vsc10945/home/scratch/AmphibianTELibrary/Genomes/Pseudacris_triseriata/Pseudacris_triseriata_headers.fna             --cds '"$CDS"'             --curatedlib /user/brussel/109/vsc10945/home/scratch/TE/Libraries/repbase/31/RepBase31.03.fasta/vrtrep.ref             --type tir             --overwrite 0             --sensitive 0             --anno 0             --evaluate 0             --threads 16 > /user/brussel/109/vsc10945/home/scratch/AmphibianTELibrary/Genomes/Pseudacris_triseriata/Pseudacris_triseriata.denovo' 2> /user/brussel/109/vsc10945/home/scratch/AmphibianTELibrary/LOGS/edta/edta_Pseudacris_triseriata.log
        
Submitted job 75 with external jobid 'Submitted batch job 11919554'.

[Mon Apr 20 20:49:56 2026]
rule edta_tir:
    input: /user/brussel/109/vsc10945/home/scratch/AmphibianTELibrary/Genomes/Bufo_bufo/Bufo_bufo_headers.fna
    output: /user/brussel/109/vsc10945/home/scratch/AmphibianTELibrary/Genomes/Bufo_bufo/Bufo_bufo.denovo
    log: /user/brussel/109/vsc10945/home/scratch/AmphibianTELibrary/LOGS/edta/edta_Bufo_bufo.log
    jobid: 105
    reason: Missing output files: /user/brussel/109/vsc10945/home/scratch/AmphibianTELibrary/Genomes/Bufo_bufo/Bufo_bufo.denovo
    wildcards: species=Bufo_bufo
    resources: mem_mb=8000, mem_mib=7630, disk_mb=100000, disk_mib=95368, tmpdir=<TBD>, nodes=1, tasks=1, cpus_per_task=16, mem_mb_per_cpu=25000, runtime=7200, partition=zen4,zen5_mpi


        CDS=$(find /user/brussel/109/vsc10945/home/scratch/AmphibianTELibrary/Genomes/Bufo_bufo -name '*cds*.fna' | head -1)
        cd /user/brussel/109/vsc10945/home/scratch/AmphibianTELibrary/Genomes/Bufo_bufo
        PYTHONNOUSERSITE=1 apptainer exec /apps/brussel/containers/edta/EDTA-2.3.0--hdfd78af_0.sif bash -c             'export LC_ALL=C LANG=C LANGUAGE=C && unset -f which && EDTA.pl             --genome /user/brussel/109/vsc10945/home/scratch/AmphibianTELibrary/Genomes/Bufo_bufo/Bufo_bufo_headers.fna             --cds '"$CDS"'             --curatedlib /user/brussel/109/vsc10945/home/scratch/TE/Libraries/repbase/31/RepBase31.03.fasta/vrtrep.ref             --type tir             --overwrite 0             --sensitive 0             --anno 0             --evaluate 0             --threads 16 > /user/brussel/109/vsc10945/home/scratch/AmphibianTELibrary/Genomes/Bufo_bufo/Bufo_bufo.denovo' 2> /user/brussel/109/vsc10945/home/scratch/AmphibianTELibrary/LOGS/edta/edta_Bufo_bufo.log
        
Submitted job 105 with external jobid 'Submitted batch job 11919555'.

[Mon Apr 20 20:49:56 2026]
rule edta_tir:
    input: /user/brussel/109/vsc10945/home/scratch/AmphibianTELibrary/Genomes/Leptobrachium_ailaonicum/Leptobrachium_ailaonicum_headers.fna
    output: /user/brussel/109/vsc10945/home/scratch/AmphibianTELibrary/Genomes/Leptobrachium_ailaonicum/Leptobrachium_ailaonicum.denovo
    log: /user/brussel/109/vsc10945/home/scratch/AmphibianTELibrary/LOGS/edta/edta_Leptobrachium_ailaonicum.log
    jobid: 17
    reason: Missing output files: /user/brussel/109/vsc10945/home/scratch/AmphibianTELibrary/Genomes/Leptobrachium_ailaonicum/Leptobrachium_ailaonicum.denovo
    wildcards: species=Leptobrachium_ailaonicum
    resources: mem_mb=6828, mem_mib=6512, disk_mb=100000, disk_mib=95368, tmpdir=<TBD>, nodes=1, tasks=1, cpus_per_task=16, mem_mb_per_cpu=25000, runtime=7200, partition=zen4,zen5_mpi


        CDS=$(find /user/brussel/109/vsc10945/home/scratch/AmphibianTELibrary/Genomes/Leptobrachium_ailaonicum -name '*cds*.fna' | head -1)
        cd /user/brussel/109/vsc10945/home/scratch/AmphibianTELibrary/Genomes/Leptobrachium_ailaonicum
        PYTHONNOUSERSITE=1 apptainer exec /apps/brussel/containers/edta/EDTA-2.3.0--hdfd78af_0.sif bash -c             'export LC_ALL=C LANG=C LANGUAGE=C && unset -f which && EDTA.pl             --genome /user/brussel/109/vsc10945/home/scratch/AmphibianTELibrary/Genomes/Leptobrachium_ailaonicum/Leptobrachium_ailaonicum_headers.fna             --cds '"$CDS"'             --curatedlib /user/brussel/109/vsc10945/home/scratch/TE/Libraries/repbase/31/RepBase31.03.fasta/vrtrep.ref             --type tir             --overwrite 0             --sensitive 0             --anno 0             --evaluate 0             --threads 16 > /user/brussel/109/vsc10945/home/scratch/AmphibianTELibrary/Genomes/Leptobrachium_ailaonicum/Leptobrachium_ailaonicum.denovo' 2> /user/brussel/109/vsc10945/home/scratch/AmphibianTELibrary/LOGS/edta/edta_Leptobrachium_ailaonicum.log
        
Submitted job 17 with external jobid 'Submitted batch job 11919556'.

[Mon Apr 20 20:49:56 2026]
rule edta_tir:
    input: /user/brussel/109/vsc10945/home/scratch/AmphibianTELibrary/Genomes/Rana_chensinensis/Rana_chensinensis_headers.fna
    output: /user/brussel/109/vsc10945/home/scratch/AmphibianTELibrary/Genomes/Rana_chensinensis/Rana_chensinensis.denovo
    log: /user/brussel/109/vsc10945/home/scratch/AmphibianTELibrary/LOGS/edta/edta_Rana_chensinensis.log
    jobid: 47
    reason: Missing output files: /user/brussel/109/vsc10945/home/scratch/AmphibianTELibrary/Genomes/Rana_chensinensis/Rana_chensinensis.denovo
    wildcards: species=Rana_chensinensis
    resources: mem_mb=8000, mem_mib=7630, disk_mb=100000, disk_mib=95368, tmpdir=<TBD>, nodes=1, tasks=1, cpus_per_task=16, mem_mb_per_cpu=25000, runtime=7200, partition=zen4,zen5_mpi


        CDS=$(find /user/brussel/109/vsc10945/home/scratch/AmphibianTELibrary/Genomes/Rana_chensinensis -name '*cds*.fna' | head -1)
        cd /user/brussel/109/vsc10945/home/scratch/AmphibianTELibrary/Genomes/Rana_chensinensis
        PYTHONNOUSERSITE=1 apptainer exec /apps/brussel/containers/edta/EDTA-2.3.0--hdfd78af_0.sif bash -c             'export LC_ALL=C LANG=C LANGUAGE=C && unset -f which && EDTA.pl             --genome /user/brussel/109/vsc10945/home/scratch/AmphibianTELibrary/Genomes/Rana_chensinensis/Rana_chensinensis_headers.fna             --cds '"$CDS"'             --curatedlib /user/brussel/109/vsc10945/home/scratch/TE/Libraries/repbase/31/RepBase31.03.fasta/vrtrep.ref             --type tir             --overwrite 0             --sensitive 0             --anno 0             --evaluate 0             --threads 16 > /user/brussel/109/vsc10945/home/scratch/AmphibianTELibrary/Genomes/Rana_chensinensis/Rana_chensinensis.denovo' 2> /user/brussel/109/vsc10945/home/scratch/AmphibianTELibrary/LOGS/edta/edta_Rana_chensinensis.log
        
Submitted job 47 with external jobid 'Submitted batch job 11919557'.

[Mon Apr 20 20:49:56 2026]
rule edta_tir:
    input: /user/brussel/109/vsc10945/home/scratch/AmphibianTELibrary/Genomes/Lithobates_pipiens/Lithobates_pipiens_headers.fna
    output: /user/brussel/109/vsc10945/home/scratch/AmphibianTELibrary/Genomes/Lithobates_pipiens/Lithobates_pipiens.denovo
    log: /user/brussel/109/vsc10945/home/scratch/AmphibianTELibrary/LOGS/edta/edta_Lithobates_pipiens.log
    jobid: 77
    reason: Missing output files: /user/brussel/109/vsc10945/home/scratch/AmphibianTELibrary/Genomes/Lithobates_pipiens/Lithobates_pipiens.denovo
    wildcards: species=Lithobates_pipiens
    resources: mem_mb=8000, mem_mib=7630, disk_mb=100000, disk_mib=95368, tmpdir=<TBD>, nodes=1, tasks=1, cpus_per_task=16, mem_mb_per_cpu=25000, runtime=7200, partition=zen4,zen5_mpi


        CDS=$(find /user/brussel/109/vsc10945/home/scratch/AmphibianTELibrary/Genomes/Lithobates_pipiens -name '*cds*.fna' | head -1)
        cd /user/brussel/109/vsc10945/home/scratch/AmphibianTELibrary/Genomes/Lithobates_pipiens
        PYTHONNOUSERSITE=1 apptainer exec /apps/brussel/containers/edta/EDTA-2.3.0--hdfd78af_0.sif bash -c             'export LC_ALL=C LANG=C LANGUAGE=C && unset -f which && EDTA.pl             --genome /user/brussel/109/vsc10945/home/scratch/AmphibianTELibrary/Genomes/Lithobates_pipiens/Lithobates_pipiens_headers.fna             --cds '"$CDS"'             --curatedlib /user/brussel/109/vsc10945/home/scratch/TE/Libraries/repbase/31/RepBase31.03.fasta/vrtrep.ref             --type tir             --overwrite 0             --sensitive 0             --anno 0             --evaluate 0             --threads 16 > /user/brussel/109/vsc10945/home/scratch/AmphibianTELibrary/Genomes/Lithobates_pipiens/Lithobates_pipiens.denovo' 2> /user/brussel/109/vsc10945/home/scratch/AmphibianTELibrary/LOGS/edta/edta_Lithobates_pipiens.log
        
Submitted job 77 with external jobid 'Submitted batch job 11919558'.

[Mon Apr 20 20:49:56 2026]
rule edta_tir:
    input: /user/brussel/109/vsc10945/home/scratch/AmphibianTELibrary/Genomes/Aquarana_catesbeiana/Aquarana_catesbeiana_headers.fna
    output: /user/brussel/109/vsc10945/home/scratch/AmphibianTELibrary/Genomes/Aquarana_catesbeiana/Aquarana_catesbeiana.denovo
    log: /user/brussel/109/vsc10945/home/scratch/AmphibianTELibrary/LOGS/edta/edta_Aquarana_catesbeiana.log
    jobid: 107
    reason: Missing output files: /user/brussel/109/vsc10945/home/scratch/AmphibianTELibrary/Genomes/Aquarana_catesbeiana/Aquarana_catesbeiana.denovo
    wildcards: species=Aquarana_catesbeiana
    resources: mem_mb=8000, mem_mib=7630, disk_mb=100000, disk_mib=95368, tmpdir=<TBD>, nodes=1, tasks=1, cpus_per_task=16, mem_mb_per_cpu=25000, runtime=7200, partition=zen4,zen5_mpi


        CDS=$(find /user/brussel/109/vsc10945/home/scratch/AmphibianTELibrary/Genomes/Aquarana_catesbeiana -name '*cds*.fna' | head -1)
        cd /user/brussel/109/vsc10945/home/scratch/AmphibianTELibrary/Genomes/Aquarana_catesbeiana
        PYTHONNOUSERSITE=1 apptainer exec /apps/brussel/containers/edta/EDTA-2.3.0--hdfd78af_0.sif bash -c             'export LC_ALL=C LANG=C LANGUAGE=C && unset -f which && EDTA.pl             --genome /user/brussel/109/vsc10945/home/scratch/AmphibianTELibrary/Genomes/Aquarana_catesbeiana/Aquarana_catesbeiana_headers.fna             --cds '"$CDS"'             --curatedlib /user/brussel/109/vsc10945/home/scratch/TE/Libraries/repbase/31/RepBase31.03.fasta/vrtrep.ref             --type tir             --overwrite 0             --sensitive 0             --anno 0             --evaluate 0             --threads 16 > /user/brussel/109/vsc10945/home/scratch/AmphibianTELibrary/Genomes/Aquarana_catesbeiana/Aquarana_catesbeiana.denovo' 2> /user/brussel/109/vsc10945/home/scratch/AmphibianTELibrary/LOGS/edta/edta_Aquarana_catesbeiana.log
        
Submitted job 107 with external jobid 'Submitted batch job 11919559'.

[Mon Apr 20 20:49:57 2026]
rule edta_tir:
    input: /user/brussel/109/vsc10945/home/scratch/AmphibianTELibrary/Genomes/Triturus_cristatus/Triturus_cristatus_headers.fna
    output: /user/brussel/109/vsc10945/home/scratch/AmphibianTELibrary/Genomes/Triturus_cristatus/Triturus_cristatus.denovo
    log: /user/brussel/109/vsc10945/home/scratch/AmphibianTELibrary/LOGS/edta/edta_Triturus_cristatus.log
    jobid: 57
    reason: Forced execution
    wildcards: species=Triturus_cristatus
    resources: mem_mb=8000, mem_mib=7630, disk_mb=100000, disk_mib=95368, tmpdir=<TBD>, nodes=1, tasks=1, cpus_per_task=16, mem_mb_per_cpu=25000, runtime=7200, partition=zen4,zen5_mpi


        CDS=$(find /user/brussel/109/vsc10945/home/scratch/AmphibianTELibrary/Genomes/Triturus_cristatus -name '*cds*.fna' | head -1)
        cd /user/brussel/109/vsc10945/home/scratch/AmphibianTELibrary/Genomes/Triturus_cristatus
        PYTHONNOUSERSITE=1 apptainer exec /apps/brussel/containers/edta/EDTA-2.3.0--hdfd78af_0.sif bash -c             'export LC_ALL=C LANG=C LANGUAGE=C && unset -f which && EDTA.pl             --genome /user/brussel/109/vsc10945/home/scratch/AmphibianTELibrary/Genomes/Triturus_cristatus/Triturus_cristatus_headers.fna             --cds '"$CDS"'             --curatedlib /user/brussel/109/vsc10945/home/scratch/TE/Libraries/repbase/31/RepBase31.03.fasta/vrtrep.ref             --type tir             --overwrite 0             --sensitive 0             --anno 0             --evaluate 0             --threads 16 > /user/brussel/109/vsc10945/home/scratch/AmphibianTELibrary/Genomes/Triturus_cristatus/Triturus_cristatus.denovo' 2> /user/brussel/109/vsc10945/home/scratch/AmphibianTELibrary/LOGS/edta/edta_Triturus_cristatus.log
        
Submitted job 57 with external jobid 'Submitted batch job 11919560'.

[Mon Apr 20 20:49:57 2026]
rule edta_tir:
    input: /user/brussel/109/vsc10945/home/scratch/AmphibianTELibrary/Genomes/Rhinoderma_darwinii/Rhinoderma_darwinii_headers.fna
    output: /user/brussel/109/vsc10945/home/scratch/AmphibianTELibrary/Genomes/Rhinoderma_darwinii/Rhinoderma_darwinii.denovo
    log: /user/brussel/109/vsc10945/home/scratch/AmphibianTELibrary/LOGS/edta/edta_Rhinoderma_darwinii.log
    jobid: 19
    reason: Missing output files: /user/brussel/109/vsc10945/home/scratch/AmphibianTELibrary/Genomes/Rhinoderma_darwinii/Rhinoderma_darwinii.denovo
    wildcards: species=Rhinoderma_darwinii
    resources: mem_mb=7063, mem_mib=6736, disk_mb=100000, disk_mib=95368, tmpdir=<TBD>, nodes=1, tasks=1, cpus_per_task=16, mem_mb_per_cpu=25000, runtime=7200, partition=zen4,zen5_mpi


        CDS=$(find /user/brussel/109/vsc10945/home/scratch/AmphibianTELibrary/Genomes/Rhinoderma_darwinii -name '*cds*.fna' | head -1)
        cd /user/brussel/109/vsc10945/home/scratch/AmphibianTELibrary/Genomes/Rhinoderma_darwinii
        PYTHONNOUSERSITE=1 apptainer exec /apps/brussel/containers/edta/EDTA-2.3.0--hdfd78af_0.sif bash -c             'export LC_ALL=C LANG=C LANGUAGE=C && unset -f which && EDTA.pl             --genome /user/brussel/109/vsc10945/home/scratch/AmphibianTELibrary/Genomes/Rhinoderma_darwinii/Rhinoderma_darwinii_headers.fna             --cds '"$CDS"'             --curatedlib /user/brussel/109/vsc10945/home/scratch/TE/Libraries/repbase/31/RepBase31.03.fasta/vrtrep.ref             --type tir             --overwrite 0             --sensitive 0             --anno 0             --evaluate 0             --threads 16 > /user/brussel/109/vsc10945/home/scratch/AmphibianTELibrary/Genomes/Rhinoderma_darwinii/Rhinoderma_darwinii.denovo' 2> /user/brussel/109/vsc10945/home/scratch/AmphibianTELibrary/LOGS/edta/edta_Rhinoderma_darwinii.log
        
Submitted job 19 with external jobid 'Submitted batch job 11919561'.

[Mon Apr 20 20:49:57 2026]
rule edta_tir:
    input: /user/brussel/109/vsc10945/home/scratch/AmphibianTELibrary/Genomes/Hyperolius_riggenbachi/Hyperolius_riggenbachi_headers.fna
    output: /user/brussel/109/vsc10945/home/scratch/AmphibianTELibrary/Genomes/Hyperolius_riggenbachi/Hyperolius_riggenbachi.denovo
    log: /user/brussel/109/vsc10945/home/scratch/AmphibianTELibrary/LOGS/edta/edta_Hyperolius_riggenbachi.log
    jobid: 49
    reason: Missing output files: /user/brussel/109/vsc10945/home/scratch/AmphibianTELibrary/Genomes/Hyperolius_riggenbachi/Hyperolius_riggenbachi.denovo
    wildcards: species=Hyperolius_riggenbachi
    resources: mem_mb=8000, mem_mib=7630, disk_mb=100000, disk_mib=95368, tmpdir=<TBD>, nodes=1, tasks=1, cpus_per_task=16, mem_mb_per_cpu=25000, runtime=7200, partition=zen4,zen5_mpi


        CDS=$(find /user/brussel/109/vsc10945/home/scratch/AmphibianTELibrary/Genomes/Hyperolius_riggenbachi -name '*cds*.fna' | head -1)
        cd /user/brussel/109/vsc10945/home/scratch/AmphibianTELibrary/Genomes/Hyperolius_riggenbachi
        PYTHONNOUSERSITE=1 apptainer exec /apps/brussel/containers/edta/EDTA-2.3.0--hdfd78af_0.sif bash -c             'export LC_ALL=C LANG=C LANGUAGE=C && unset -f which && EDTA.pl             --genome /user/brussel/109/vsc10945/home/scratch/AmphibianTELibrary/Genomes/Hyperolius_riggenbachi/Hyperolius_riggenbachi_headers.fna             --cds '"$CDS"'             --curatedlib /user/brussel/109/vsc10945/home/scratch/TE/Libraries/repbase/31/RepBase31.03.fasta/vrtrep.ref             --type tir             --overwrite 0             --sensitive 0             --anno 0             --evaluate 0             --threads 16 > /user/brussel/109/vsc10945/home/scratch/AmphibianTELibrary/Genomes/Hyperolius_riggenbachi/Hyperolius_riggenbachi.denovo' 2> /user/brussel/109/vsc10945/home/scratch/AmphibianTELibrary/LOGS/edta/edta_Hyperolius_riggenbachi.log
        
Submitted job 49 with external jobid 'Submitted batch job 11919562'.

[Mon Apr 20 20:49:57 2026]
rule edta_tir:
    input: /user/brussel/109/vsc10945/home/scratch/AmphibianTELibrary/Genomes/Lissotriton_helveticus/Lissotriton_helveticus_headers.fna
    output: /user/brussel/109/vsc10945/home/scratch/AmphibianTELibrary/Genomes/Lissotriton_helveticus/Lissotriton_helveticus.denovo
    log: /user/brussel/109/vsc10945/home/scratch/AmphibianTELibrary/LOGS/edta/edta_Lissotriton_helveticus.log
    jobid: 79
    reason: Missing output files: /user/brussel/109/vsc10945/home/scratch/AmphibianTELibrary/Genomes/Lissotriton_helveticus/Lissotriton_helveticus.denovo
    wildcards: species=Lissotriton_helveticus
    resources: mem_mb=8000, mem_mib=7630, disk_mb=100000, disk_mib=95368, tmpdir=<TBD>, nodes=1, tasks=1, cpus_per_task=16, mem_mb_per_cpu=25000, runtime=7200, partition=zen4,zen5_mpi


        CDS=$(find /user/brussel/109/vsc10945/home/scratch/AmphibianTELibrary/Genomes/Lissotriton_helveticus -name '*cds*.fna' | head -1)
        cd /user/brussel/109/vsc10945/home/scratch/AmphibianTELibrary/Genomes/Lissotriton_helveticus
        PYTHONNOUSERSITE=1 apptainer exec /apps/brussel/containers/edta/EDTA-2.3.0--hdfd78af_0.sif bash -c             'export LC_ALL=C LANG=C LANGUAGE=C && unset -f which && EDTA.pl             --genome /user/brussel/109/vsc10945/home/scratch/AmphibianTELibrary/Genomes/Lissotriton_helveticus/Lissotriton_helveticus_headers.fna             --cds '"$CDS"'             --curatedlib /user/brussel/109/vsc10945/home/scratch/TE/Libraries/repbase/31/RepBase31.03.fasta/vrtrep.ref             --type tir             --overwrite 0             --sensitive 0             --anno 0             --evaluate 0             --threads 16 > /user/brussel/109/vsc10945/home/scratch/AmphibianTELibrary/Genomes/Lissotriton_helveticus/Lissotriton_helveticus.denovo' 2> /user/brussel/109/vsc10945/home/scratch/AmphibianTELibrary/LOGS/edta/edta_Lissotriton_helveticus.log
        
Submitted job 79 with external jobid 'Submitted batch job 11919563'.

[Mon Apr 20 20:49:57 2026]
rule edta_tir:
    input: /user/brussel/109/vsc10945/home/scratch/AmphibianTELibrary/Genomes/Discoglossus_pictus/Discoglossus_pictus_headers.fna
    output: /user/brussel/109/vsc10945/home/scratch/AmphibianTELibrary/Genomes/Discoglossus_pictus/Discoglossus_pictus.denovo
    log: /user/brussel/109/vsc10945/home/scratch/AmphibianTELibrary/LOGS/edta/edta_Discoglossus_pictus.log
    jobid: 109
    reason: Missing output files: /user/brussel/109/vsc10945/home/scratch/AmphibianTELibrary/Genomes/Discoglossus_pictus/Discoglossus_pictus.denovo
    wildcards: species=Discoglossus_pictus
    resources: mem_mb=7479, mem_mib=7133, disk_mb=100000, disk_mib=95368, tmpdir=<TBD>, nodes=1, tasks=1, cpus_per_task=16, mem_mb_per_cpu=25000, runtime=7200, partition=zen4,zen5_mpi


        CDS=$(find /user/brussel/109/vsc10945/home/scratch/AmphibianTELibrary/Genomes/Discoglossus_pictus -name '*cds*.fna' | head -1)
        cd /user/brussel/109/vsc10945/home/scratch/AmphibianTELibrary/Genomes/Discoglossus_pictus
        PYTHONNOUSERSITE=1 apptainer exec /apps/brussel/containers/edta/EDTA-2.3.0--hdfd78af_0.sif bash -c             'export LC_ALL=C LANG=C LANGUAGE=C && unset -f which && EDTA.pl             --genome /user/brussel/109/vsc10945/home/scratch/AmphibianTELibrary/Genomes/Discoglossus_pictus/Discoglossus_pictus_headers.fna             --cds '"$CDS"'             --curatedlib /user/brussel/109/vsc10945/home/scratch/TE/Libraries/repbase/31/RepBase31.03.fasta/vrtrep.ref             --type tir             --overwrite 0             --sensitive 0             --anno 0             --evaluate 0             --threads 16 > /user/brussel/109/vsc10945/home/scratch/AmphibianTELibrary/Genomes/Discoglossus_pictus/Discoglossus_pictus.denovo' 2> /user/brussel/109/vsc10945/home/scratch/AmphibianTELibrary/LOGS/edta/edta_Discoglossus_pictus.log
        
Submitted job 109 with external jobid 'Submitted batch job 11919564'.

[Mon Apr 20 20:49:57 2026]
rule edta_tir:
    input: /user/brussel/109/vsc10945/home/scratch/AmphibianTELibrary/Genomes/Ichthyophis_bannanicus/Ichthyophis_bannanicus_headers.fna
    output: /user/brussel/109/vsc10945/home/scratch/AmphibianTELibrary/Genomes/Ichthyophis_bannanicus/Ichthyophis_bannanicus.denovo
    log: /user/brussel/109/vsc10945/home/scratch/AmphibianTELibrary/LOGS/edta/edta_Ichthyophis_bannanicus.log
    jobid: 21
    reason: Missing output files: /user/brussel/109/vsc10945/home/scratch/AmphibianTELibrary/Genomes/Ichthyophis_bannanicus/Ichthyophis_bannanicus.denovo
    wildcards: species=Ichthyophis_bannanicus
    resources: mem_mb=8000, mem_mib=7630, disk_mb=100000, disk_mib=95368, tmpdir=<TBD>, nodes=1, tasks=1, cpus_per_task=16, mem_mb_per_cpu=25000, runtime=7200, partition=zen4,zen5_mpi


        CDS=$(find /user/brussel/109/vsc10945/home/scratch/AmphibianTELibrary/Genomes/Ichthyophis_bannanicus -name '*cds*.fna' | head -1)
        cd /user/brussel/109/vsc10945/home/scratch/AmphibianTELibrary/Genomes/Ichthyophis_bannanicus
        PYTHONNOUSERSITE=1 apptainer exec /apps/brussel/containers/edta/EDTA-2.3.0--hdfd78af_0.sif bash -c             'export LC_ALL=C LANG=C LANGUAGE=C && unset -f which && EDTA.pl             --genome /user/brussel/109/vsc10945/home/scratch/AmphibianTELibrary/Genomes/Ichthyophis_bannanicus/Ichthyophis_bannanicus_headers.fna             --cds '"$CDS"'             --curatedlib /user/brussel/109/vsc10945/home/scratch/TE/Libraries/repbase/31/RepBase31.03.fasta/vrtrep.ref             --type tir             --overwrite 0             --sensitive 0             --anno 0             --evaluate 0             --threads 16 > /user/brussel/109/vsc10945/home/scratch/AmphibianTELibrary/Genomes/Ichthyophis_bannanicus/Ichthyophis_bannanicus.denovo' 2> /user/brussel/109/vsc10945/home/scratch/AmphibianTELibrary/LOGS/edta/edta_Ichthyophis_bannanicus.log
        
Submitted job 21 with external jobid 'Submitted batch job 11919565'.

[Mon Apr 20 20:49:57 2026]
rule edta_tir:
    input: /user/brussel/109/vsc10945/home/scratch/AmphibianTELibrary/Genomes/Crinia_signifera/Crinia_signifera_headers.fna
    output: /user/brussel/109/vsc10945/home/scratch/AmphibianTELibrary/Genomes/Crinia_signifera/Crinia_signifera.denovo
    log: /user/brussel/109/vsc10945/home/scratch/AmphibianTELibrary/LOGS/edta/edta_Crinia_signifera.log
    jobid: 51
    reason: Missing output files: /user/brussel/109/vsc10945/home/scratch/AmphibianTELibrary/Genomes/Crinia_signifera/Crinia_signifera.denovo
    wildcards: species=Crinia_signifera
    resources: mem_mb=6247, mem_mib=5958, disk_mb=100000, disk_mib=95368, tmpdir=<TBD>, nodes=1, tasks=1, cpus_per_task=16, mem_mb_per_cpu=25000, runtime=7200, partition=zen4,zen5_mpi


        CDS=$(find /user/brussel/109/vsc10945/home/scratch/AmphibianTELibrary/Genomes/Crinia_signifera -name '*cds*.fna' | head -1)
        cd /user/brussel/109/vsc10945/home/scratch/AmphibianTELibrary/Genomes/Crinia_signifera
        PYTHONNOUSERSITE=1 apptainer exec /apps/brussel/containers/edta/EDTA-2.3.0--hdfd78af_0.sif bash -c             'export LC_ALL=C LANG=C LANGUAGE=C && unset -f which && EDTA.pl             --genome /user/brussel/109/vsc10945/home/scratch/AmphibianTELibrary/Genomes/Crinia_signifera/Crinia_signifera_headers.fna             --cds '"$CDS"'             --curatedlib /user/brussel/109/vsc10945/home/scratch/TE/Libraries/repbase/31/RepBase31.03.fasta/vrtrep.ref             --type tir             --overwrite 0             --sensitive 0             --anno 0             --evaluate 0             --threads 16 > /user/brussel/109/vsc10945/home/scratch/AmphibianTELibrary/Genomes/Crinia_signifera/Crinia_signifera.denovo' 2> /user/brussel/109/vsc10945/home/scratch/AmphibianTELibrary/LOGS/edta/edta_Crinia_signifera.log
        
Submitted job 51 with external jobid 'Submitted batch job 11919566'.

[Mon Apr 20 20:49:57 2026]
rule edta_tir:
    input: /user/brussel/109/vsc10945/home/scratch/AmphibianTELibrary/Genomes/Bombina_variegata/Bombina_variegata_headers.fna
    output: /user/brussel/109/vsc10945/home/scratch/AmphibianTELibrary/Genomes/Bombina_variegata/Bombina_variegata.denovo
    log: /user/brussel/109/vsc10945/home/scratch/AmphibianTELibrary/LOGS/edta/edta_Bombina_variegata.log
    jobid: 81
    reason: Missing output files: /user/brussel/109/vsc10945/home/scratch/AmphibianTELibrary/Genomes/Bombina_variegata/Bombina_variegata.denovo
    wildcards: species=Bombina_variegata
    resources: mem_mb=8000, mem_mib=7630, disk_mb=100000, disk_mib=95368, tmpdir=<TBD>, nodes=1, tasks=1, cpus_per_task=16, mem_mb_per_cpu=25000, runtime=7200, partition=zen4,zen5_mpi


        CDS=$(find /user/brussel/109/vsc10945/home/scratch/AmphibianTELibrary/Genomes/Bombina_variegata -name '*cds*.fna' | head -1)
        cd /user/brussel/109/vsc10945/home/scratch/AmphibianTELibrary/Genomes/Bombina_variegata
        PYTHONNOUSERSITE=1 apptainer exec /apps/brussel/containers/edta/EDTA-2.3.0--hdfd78af_0.sif bash -c             'export LC_ALL=C LANG=C LANGUAGE=C && unset -f which && EDTA.pl             --genome /user/brussel/109/vsc10945/home/scratch/AmphibianTELibrary/Genomes/Bombina_variegata/Bombina_variegata_headers.fna             --cds '"$CDS"'             --curatedlib /user/brussel/109/vsc10945/home/scratch/TE/Libraries/repbase/31/RepBase31.03.fasta/vrtrep.ref             --type tir             --overwrite 0             --sensitive 0             --anno 0             --evaluate 0             --threads 16 > /user/brussel/109/vsc10945/home/scratch/AmphibianTELibrary/Genomes/Bombina_variegata/Bombina_variegata.denovo' 2> /user/brussel/109/vsc10945/home/scratch/AmphibianTELibrary/LOGS/edta/edta_Bombina_variegata.log
        
Submitted job 81 with external jobid 'Submitted batch job 11919567'.

[Mon Apr 20 20:49:57 2026]
rule edta_tir:
    input: /user/brussel/109/vsc10945/home/scratch/AmphibianTELibrary/Genomes/Dendropsophus_ebraccatus/Dendropsophus_ebraccatus_headers.fna
    output: /user/brussel/109/vsc10945/home/scratch/AmphibianTELibrary/Genomes/Dendropsophus_ebraccatus/Dendropsophus_ebraccatus.denovo
    log: /user/brussel/109/vsc10945/home/scratch/AmphibianTELibrary/LOGS/edta/edta_Dendropsophus_ebraccatus.log
    jobid: 111
    reason: Missing output files: /user/brussel/109/vsc10945/home/scratch/AmphibianTELibrary/Genomes/Dendropsophus_ebraccatus/Dendropsophus_ebraccatus.denovo
    wildcards: species=Dendropsophus_ebraccatus
    resources: mem_mb=4278, mem_mib=4080, disk_mb=100000, disk_mib=95368, tmpdir=<TBD>, nodes=1, tasks=1, cpus_per_task=16, mem_mb_per_cpu=25000, runtime=7200, partition=zen4,zen5_mpi


        CDS=$(find /user/brussel/109/vsc10945/home/scratch/AmphibianTELibrary/Genomes/Dendropsophus_ebraccatus -name '*cds*.fna' | head -1)
        cd /user/brussel/109/vsc10945/home/scratch/AmphibianTELibrary/Genomes/Dendropsophus_ebraccatus
        PYTHONNOUSERSITE=1 apptainer exec /apps/brussel/containers/edta/EDTA-2.3.0--hdfd78af_0.sif bash -c             'export LC_ALL=C LANG=C LANGUAGE=C && unset -f which && EDTA.pl             --genome /user/brussel/109/vsc10945/home/scratch/AmphibianTELibrary/Genomes/Dendropsophus_ebraccatus/Dendropsophus_ebraccatus_headers.fna             --cds '"$CDS"'             --curatedlib /user/brussel/109/vsc10945/home/scratch/TE/Libraries/repbase/31/RepBase31.03.fasta/vrtrep.ref             --type tir             --overwrite 0             --sensitive 0             --anno 0             --evaluate 0             --threads 16 > /user/brussel/109/vsc10945/home/scratch/AmphibianTELibrary/Genomes/Dendropsophus_ebraccatus/Dendropsophus_ebraccatus.denovo' 2> /user/brussel/109/vsc10945/home/scratch/AmphibianTELibrary/LOGS/edta/edta_Dendropsophus_ebraccatus.log
        
Submitted job 111 with external jobid 'Submitted batch job 11919568'.

[Mon Apr 20 20:49:57 2026]
rule edta_tir:
    input: /user/brussel/109/vsc10945/home/scratch/AmphibianTELibrary/Genomes/Pleurodeles_waltl/Pleurodeles_waltl_headers.fna
    output: /user/brussel/109/vsc10945/home/scratch/AmphibianTELibrary/Genomes/Pleurodeles_waltl/Pleurodeles_waltl.denovo
    log: /user/brussel/109/vsc10945/home/scratch/AmphibianTELibrary/LOGS/edta/edta_Pleurodeles_waltl.log
    jobid: 23
    reason: Forced execution
    wildcards: species=Pleurodeles_waltl
    resources: mem_mb=8000, mem_mib=7630, disk_mb=100000, disk_mib=95368, tmpdir=<TBD>, nodes=1, tasks=1, cpus_per_task=16, mem_mb_per_cpu=25000, runtime=7200, partition=zen4,zen5_mpi


        CDS=$(find /user/brussel/109/vsc10945/home/scratch/AmphibianTELibrary/Genomes/Pleurodeles_waltl -name '*cds*.fna' | head -1)
        cd /user/brussel/109/vsc10945/home/scratch/AmphibianTELibrary/Genomes/Pleurodeles_waltl
        PYTHONNOUSERSITE=1 apptainer exec /apps/brussel/containers/edta/EDTA-2.3.0--hdfd78af_0.sif bash -c             'export LC_ALL=C LANG=C LANGUAGE=C && unset -f which && EDTA.pl             --genome /user/brussel/109/vsc10945/home/scratch/AmphibianTELibrary/Genomes/Pleurodeles_waltl/Pleurodeles_waltl_headers.fna             --cds '"$CDS"'             --curatedlib /user/brussel/109/vsc10945/home/scratch/TE/Libraries/repbase/31/RepBase31.03.fasta/vrtrep.ref             --type tir             --overwrite 0             --sensitive 0             --anno 0             --evaluate 0             --threads 16 > /user/brussel/109/vsc10945/home/scratch/AmphibianTELibrary/Genomes/Pleurodeles_waltl/Pleurodeles_waltl.denovo' 2> /user/brussel/109/vsc10945/home/scratch/AmphibianTELibrary/LOGS/edta/edta_Pleurodeles_waltl.log
        
Submitted job 23 with external jobid 'Submitted batch job 11919569'.

[Mon Apr 20 20:49:57 2026]
rule edta_tir:
    input: /user/brussel/109/vsc10945/home/scratch/AmphibianTELibrary/Genomes/Pseudophryne_corroboree/Pseudophryne_corroboree_headers.fna
    output: /user/brussel/109/vsc10945/home/scratch/AmphibianTELibrary/Genomes/Pseudophryne_corroboree/Pseudophryne_corroboree.denovo
    log: /user/brussel/109/vsc10945/home/scratch/AmphibianTELibrary/LOGS/edta/edta_Pseudophryne_corroboree.log
    jobid: 83
    reason: Forced execution
    wildcards: species=Pseudophryne_corroboree
    resources: mem_mb=8000, mem_mib=7630, disk_mb=100000, disk_mib=95368, tmpdir=<TBD>, nodes=1, tasks=1, cpus_per_task=16, mem_mb_per_cpu=25000, runtime=7200, partition=zen4,zen5_mpi


        CDS=$(find /user/brussel/109/vsc10945/home/scratch/AmphibianTELibrary/Genomes/Pseudophryne_corroboree -name '*cds*.fna' | head -1)
        cd /user/brussel/109/vsc10945/home/scratch/AmphibianTELibrary/Genomes/Pseudophryne_corroboree
        PYTHONNOUSERSITE=1 apptainer exec /apps/brussel/containers/edta/EDTA-2.3.0--hdfd78af_0.sif bash -c             'export LC_ALL=C LANG=C LANGUAGE=C && unset -f which && EDTA.pl             --genome /user/brussel/109/vsc10945/home/scratch/AmphibianTELibrary/Genomes/Pseudophryne_corroboree/Pseudophryne_corroboree_headers.fna             --cds '"$CDS"'             --curatedlib /user/brussel/109/vsc10945/home/scratch/TE/Libraries/repbase/31/RepBase31.03.fasta/vrtrep.ref             --type tir             --overwrite 0             --sensitive 0             --anno 0             --evaluate 0             --threads 16 > /user/brussel/109/vsc10945/home/scratch/AmphibianTELibrary/Genomes/Pseudophryne_corroboree/Pseudophryne_corroboree.denovo' 2> /user/brussel/109/vsc10945/home/scratch/AmphibianTELibrary/LOGS/edta/edta_Pseudophryne_corroboree.log
        
Submitted job 83 with external jobid 'Submitted batch job 11919570'.

[Mon Apr 20 20:49:57 2026]
rule edta_tir:
    input: /user/brussel/109/vsc10945/home/scratch/AmphibianTELibrary/Genomes/Mixophyes_fleayi/Mixophyes_fleayi_headers.fna
    output: /user/brussel/109/vsc10945/home/scratch/AmphibianTELibrary/Genomes/Mixophyes_fleayi/Mixophyes_fleayi.denovo
    log: /user/brussel/109/vsc10945/home/scratch/AmphibianTELibrary/LOGS/edta/edta_Mixophyes_fleayi.log
    jobid: 53
    reason: Forced execution
    wildcards: species=Mixophyes_fleayi
    resources: mem_mb=5735, mem_mib=5470, disk_mb=100000, disk_mib=95368, tmpdir=<TBD>, nodes=1, tasks=1, cpus_per_task=16, mem_mb_per_cpu=25000, runtime=7200, partition=zen4,zen5_mpi


        CDS=$(find /user/brussel/109/vsc10945/home/scratch/AmphibianTELibrary/Genomes/Mixophyes_fleayi -name '*cds*.fna' | head -1)
        cd /user/brussel/109/vsc10945/home/scratch/AmphibianTELibrary/Genomes/Mixophyes_fleayi
        PYTHONNOUSERSITE=1 apptainer exec /apps/brussel/containers/edta/EDTA-2.3.0--hdfd78af_0.sif bash -c             'export LC_ALL=C LANG=C LANGUAGE=C && unset -f which && EDTA.pl             --genome /user/brussel/109/vsc10945/home/scratch/AmphibianTELibrary/Genomes/Mixophyes_fleayi/Mixophyes_fleayi_headers.fna             --cds '"$CDS"'             --curatedlib /user/brussel/109/vsc10945/home/scratch/TE/Libraries/repbase/31/RepBase31.03.fasta/vrtrep.ref             --type tir             --overwrite 0             --sensitive 0             --anno 0             --evaluate 0             --threads 16 > /user/brussel/109/vsc10945/home/scratch/AmphibianTELibrary/Genomes/Mixophyes_fleayi/Mixophyes_fleayi.denovo' 2> /user/brussel/109/vsc10945/home/scratch/AmphibianTELibrary/LOGS/edta/edta_Mixophyes_fleayi.log
        
Submitted job 53 with external jobid 'Submitted batch job 11919571'.

[Mon Apr 20 20:49:57 2026]
rule edta_tir:
    input: /user/brussel/109/vsc10945/home/scratch/AmphibianTELibrary/Genomes/Pelobates_fuscus/Pelobates_fuscus_headers.fna
    output: /user/brussel/109/vsc10945/home/scratch/AmphibianTELibrary/Genomes/Pelobates_fuscus/Pelobates_fuscus.denovo
    log: /user/brussel/109/vsc10945/home/scratch/AmphibianTELibrary/LOGS/edta/edta_Pelobates_fuscus.log
    jobid: 113
    reason: Missing output files: /user/brussel/109/vsc10945/home/scratch/AmphibianTELibrary/Genomes/Pelobates_fuscus/Pelobates_fuscus.denovo; Code has changed since last execution
    wildcards: species=Pelobates_fuscus
    resources: mem_mb=6965, mem_mib=6643, disk_mb=100000, disk_mib=95368, tmpdir=<TBD>, nodes=1, tasks=1, cpus_per_task=16, mem_mb_per_cpu=25000, runtime=7200, partition=zen4,zen5_mpi


        CDS=$(find /user/brussel/109/vsc10945/home/scratch/AmphibianTELibrary/Genomes/Pelobates_fuscus -name '*cds*.fna' | head -1)
        cd /user/brussel/109/vsc10945/home/scratch/AmphibianTELibrary/Genomes/Pelobates_fuscus
        PYTHONNOUSERSITE=1 apptainer exec /apps/brussel/containers/edta/EDTA-2.3.0--hdfd78af_0.sif bash -c             'export LC_ALL=C LANG=C LANGUAGE=C && unset -f which && EDTA.pl             --genome /user/brussel/109/vsc10945/home/scratch/AmphibianTELibrary/Genomes/Pelobates_fuscus/Pelobates_fuscus_headers.fna             --cds '"$CDS"'             --curatedlib /user/brussel/109/vsc10945/home/scratch/TE/Libraries/repbase/31/RepBase31.03.fasta/vrtrep.ref             --type tir             --overwrite 0             --sensitive 0             --anno 0             --evaluate 0             --threads 16 > /user/brussel/109/vsc10945/home/scratch/AmphibianTELibrary/Genomes/Pelobates_fuscus/Pelobates_fuscus.denovo' 2> /user/brussel/109/vsc10945/home/scratch/AmphibianTELibrary/LOGS/edta/edta_Pelobates_fuscus.log
        
Submitted job 113 with external jobid 'Submitted batch job 11919572'.

[Mon Apr 20 20:49:57 2026]
rule edta_tir:
    input: /user/brussel/109/vsc10945/home/scratch/AmphibianTELibrary/Genomes/Leptobrachium_boringii/Leptobrachium_boringii_headers.fna
    output: /user/brussel/109/vsc10945/home/scratch/AmphibianTELibrary/Genomes/Leptobrachium_boringii/Leptobrachium_boringii.denovo
    log: /user/brussel/109/vsc10945/home/scratch/AmphibianTELibrary/LOGS/edta/edta_Leptobrachium_boringii.log
    jobid: 25
    reason: Missing output files: /user/brussel/109/vsc10945/home/scratch/AmphibianTELibrary/Genomes/Leptobrachium_boringii/Leptobrachium_boringii.denovo; Code has changed since last execution
    wildcards: species=Leptobrachium_boringii
    resources: mem_mb=6513, mem_mib=6212, disk_mb=100000, disk_mib=95368, tmpdir=<TBD>, nodes=1, tasks=1, cpus_per_task=16, mem_mb_per_cpu=25000, runtime=7200, partition=zen4,zen5_mpi


        CDS=$(find /user/brussel/109/vsc10945/home/scratch/AmphibianTELibrary/Genomes/Leptobrachium_boringii -name '*cds*.fna' | head -1)
        cd /user/brussel/109/vsc10945/home/scratch/AmphibianTELibrary/Genomes/Leptobrachium_boringii
        PYTHONNOUSERSITE=1 apptainer exec /apps/brussel/containers/edta/EDTA-2.3.0--hdfd78af_0.sif bash -c             'export LC_ALL=C LANG=C LANGUAGE=C && unset -f which && EDTA.pl             --genome /user/brussel/109/vsc10945/home/scratch/AmphibianTELibrary/Genomes/Leptobrachium_boringii/Leptobrachium_boringii_headers.fna             --cds '"$CDS"'             --curatedlib /user/brussel/109/vsc10945/home/scratch/TE/Libraries/repbase/31/RepBase31.03.fasta/vrtrep.ref             --type tir             --overwrite 0             --sensitive 0             --anno 0             --evaluate 0             --threads 16 > /user/brussel/109/vsc10945/home/scratch/AmphibianTELibrary/Genomes/Leptobrachium_boringii/Leptobrachium_boringii.denovo' 2> /user/brussel/109/vsc10945/home/scratch/AmphibianTELibrary/LOGS/edta/edta_Leptobrachium_boringii.log
        
Submitted job 25 with external jobid 'Submitted batch job 11919573'.

[Mon Apr 20 20:49:58 2026]
rule edta_tir:
    input: /user/brussel/109/vsc10945/home/scratch/AmphibianTELibrary/Genomes/Eleutherodactylus_coqui/Eleutherodactylus_coqui_headers.fna
    output: /user/brussel/109/vsc10945/home/scratch/AmphibianTELibrary/Genomes/Eleutherodactylus_coqui/Eleutherodactylus_coqui.denovo
    log: /user/brussel/109/vsc10945/home/scratch/AmphibianTELibrary/LOGS/edta/edta_Eleutherodactylus_coqui.log
    jobid: 85
    reason: Missing output files: /user/brussel/109/vsc10945/home/scratch/AmphibianTELibrary/Genomes/Eleutherodactylus_coqui/Eleutherodactylus_coqui.denovo; Code has changed since last execution
    wildcards: species=Eleutherodactylus_coqui
    resources: mem_mb=6511, mem_mib=6210, disk_mb=100000, disk_mib=95368, tmpdir=<TBD>, nodes=1, tasks=1, cpus_per_task=16, mem_mb_per_cpu=25000, runtime=7200, partition=zen4,zen5_mpi


        CDS=$(find /user/brussel/109/vsc10945/home/scratch/AmphibianTELibrary/Genomes/Eleutherodactylus_coqui -name '*cds*.fna' | head -1)
        cd /user/brussel/109/vsc10945/home/scratch/AmphibianTELibrary/Genomes/Eleutherodactylus_coqui
        PYTHONNOUSERSITE=1 apptainer exec /apps/brussel/containers/edta/EDTA-2.3.0--hdfd78af_0.sif bash -c             'export LC_ALL=C LANG=C LANGUAGE=C && unset -f which && EDTA.pl             --genome /user/brussel/109/vsc10945/home/scratch/AmphibianTELibrary/Genomes/Eleutherodactylus_coqui/Eleutherodactylus_coqui_headers.fna             --cds '"$CDS"'             --curatedlib /user/brussel/109/vsc10945/home/scratch/TE/Libraries/repbase/31/RepBase31.03.fasta/vrtrep.ref             --type tir             --overwrite 0             --sensitive 0             --anno 0             --evaluate 0             --threads 16 > /user/brussel/109/vsc10945/home/scratch/AmphibianTELibrary/Genomes/Eleutherodactylus_coqui/Eleutherodactylus_coqui.denovo' 2> /user/brussel/109/vsc10945/home/scratch/AmphibianTELibrary/LOGS/edta/edta_Eleutherodactylus_coqui.log
        
Submitted job 85 with external jobid 'Submitted batch job 11919574'.

[Mon Apr 20 20:49:58 2026]
rule edta_tir:
    input: /user/brussel/109/vsc10945/home/scratch/AmphibianTELibrary/Genomes/Anomaloglossus_baeobatrachus/Anomaloglossus_baeobatrachus_headers.fna
    output: /user/brussel/109/vsc10945/home/scratch/AmphibianTELibrary/Genomes/Anomaloglossus_baeobatrachus/Anomaloglossus_baeobatrachus.denovo
    log: /user/brussel/109/vsc10945/home/scratch/AmphibianTELibrary/LOGS/edta/edta_Anomaloglossus_baeobatrachus.log
    jobid: 55
    reason: Missing output files: /user/brussel/109/vsc10945/home/scratch/AmphibianTELibrary/Genomes/Anomaloglossus_baeobatrachus/Anomaloglossus_baeobatrachus.denovo; Code has changed since last execution
    wildcards: species=Anomaloglossus_baeobatrachus
    resources: mem_mb=8000, mem_mib=7630, disk_mb=100000, disk_mib=95368, tmpdir=<TBD>, nodes=1, tasks=1, cpus_per_task=16, mem_mb_per_cpu=25000, runtime=7200, partition=zen4,zen5_mpi


        CDS=$(find /user/brussel/109/vsc10945/home/scratch/AmphibianTELibrary/Genomes/Anomaloglossus_baeobatrachus -name '*cds*.fna' | head -1)
        cd /user/brussel/109/vsc10945/home/scratch/AmphibianTELibrary/Genomes/Anomaloglossus_baeobatrachus
        PYTHONNOUSERSITE=1 apptainer exec /apps/brussel/containers/edta/EDTA-2.3.0--hdfd78af_0.sif bash -c             'export LC_ALL=C LANG=C LANGUAGE=C && unset -f which && EDTA.pl             --genome /user/brussel/109/vsc10945/home/scratch/AmphibianTELibrary/Genomes/Anomaloglossus_baeobatrachus/Anomaloglossus_baeobatrachus_headers.fna             --cds '"$CDS"'             --curatedlib /user/brussel/109/vsc10945/home/scratch/TE/Libraries/repbase/31/RepBase31.03.fasta/vrtrep.ref             --type tir             --overwrite 0             --sensitive 0             --anno 0             --evaluate 0             --threads 16 > /user/brussel/109/vsc10945/home/scratch/AmphibianTELibrary/Genomes/Anomaloglossus_baeobatrachus/Anomaloglossus_baeobatrachus.denovo' 2> /user/brussel/109/vsc10945/home/scratch/AmphibianTELibrary/LOGS/edta/edta_Anomaloglossus_baeobatrachus.log
        
Submitted job 55 with external jobid 'Submitted batch job 11919575'.

[Mon Apr 20 20:49:58 2026]
rule edta_tir:
    input: /user/brussel/109/vsc10945/home/scratch/AmphibianTELibrary/Genomes/Xenopus_tropicalis/Xenopus_tropicalis_headers.fna
    output: /user/brussel/109/vsc10945/home/scratch/AmphibianTELibrary/Genomes/Xenopus_tropicalis/Xenopus_tropicalis.denovo
    log: /user/brussel/109/vsc10945/home/scratch/AmphibianTELibrary/LOGS/edta/edta_Xenopus_tropicalis.log
    jobid: 115
    reason: Missing output files: /user/brussel/109/vsc10945/home/scratch/AmphibianTELibrary/Genomes/Xenopus_tropicalis/Xenopus_tropicalis.denovo; Code has changed since last execution
    wildcards: species=Xenopus_tropicalis
    resources: mem_mb=2803, mem_mib=2674, disk_mb=100000, disk_mib=95368, tmpdir=<TBD>, nodes=1, tasks=1, cpus_per_task=16, mem_mb_per_cpu=25000, runtime=7200, partition=zen4,zen5_mpi


        CDS=$(find /user/brussel/109/vsc10945/home/scratch/AmphibianTELibrary/Genomes/Xenopus_tropicalis -name '*cds*.fna' | head -1)
        cd /user/brussel/109/vsc10945/home/scratch/AmphibianTELibrary/Genomes/Xenopus_tropicalis
        PYTHONNOUSERSITE=1 apptainer exec /apps/brussel/containers/edta/EDTA-2.3.0--hdfd78af_0.sif bash -c             'export LC_ALL=C LANG=C LANGUAGE=C && unset -f which && EDTA.pl             --genome /user/brussel/109/vsc10945/home/scratch/AmphibianTELibrary/Genomes/Xenopus_tropicalis/Xenopus_tropicalis_headers.fna             --cds '"$CDS"'             --curatedlib /user/brussel/109/vsc10945/home/scratch/TE/Libraries/repbase/31/RepBase31.03.fasta/vrtrep.ref             --type tir             --overwrite 0             --sensitive 0             --anno 0             --evaluate 0             --threads 16 > /user/brussel/109/vsc10945/home/scratch/AmphibianTELibrary/Genomes/Xenopus_tropicalis/Xenopus_tropicalis.denovo' 2> /user/brussel/109/vsc10945/home/scratch/AmphibianTELibrary/LOGS/edta/edta_Xenopus_tropicalis.log
        
Submitted job 115 with external jobid 'Submitted batch job 11919576'.

[Mon Apr 20 20:49:58 2026]
rule edta_tir:
    input: /user/brussel/109/vsc10945/home/scratch/AmphibianTELibrary/Genomes/Bombina_bombina/Bombina_bombina_headers.fna
    output: /user/brussel/109/vsc10945/home/scratch/AmphibianTELibrary/Genomes/Bombina_bombina/Bombina_bombina.denovo
    log: /user/brussel/109/vsc10945/home/scratch/AmphibianTELibrary/LOGS/edta/edta_Bombina_bombina.log
    jobid: 117
    reason: Missing output files: /user/brussel/109/vsc10945/home/scratch/AmphibianTELibrary/Genomes/Bombina_bombina/Bombina_bombina.denovo; Code has changed since last execution
    wildcards: species=Bombina_bombina
    resources: mem_mb=8000, mem_mib=7630, disk_mb=100000, disk_mib=95368, tmpdir=<TBD>, nodes=1, tasks=1, cpus_per_task=16, mem_mb_per_cpu=25000, runtime=7200, partition=zen4,zen5_mpi


        CDS=$(find /user/brussel/109/vsc10945/home/scratch/AmphibianTELibrary/Genomes/Bombina_bombina -name '*cds*.fna' | head -1)
        cd /user/brussel/109/vsc10945/home/scratch/AmphibianTELibrary/Genomes/Bombina_bombina
        PYTHONNOUSERSITE=1 apptainer exec /apps/brussel/containers/edta/EDTA-2.3.0--hdfd78af_0.sif bash -c             'export LC_ALL=C LANG=C LANGUAGE=C && unset -f which && EDTA.pl             --genome /user/brussel/109/vsc10945/home/scratch/AmphibianTELibrary/Genomes/Bombina_bombina/Bombina_bombina_headers.fna             --cds '"$CDS"'             --curatedlib /user/brussel/109/vsc10945/home/scratch/TE/Libraries/repbase/31/RepBase31.03.fasta/vrtrep.ref             --type tir             --overwrite 0             --sensitive 0             --anno 0             --evaluate 0             --threads 16 > /user/brussel/109/vsc10945/home/scratch/AmphibianTELibrary/Genomes/Bombina_bombina/Bombina_bombina.denovo' 2> /user/brussel/109/vsc10945/home/scratch/AmphibianTELibrary/LOGS/edta/edta_Bombina_bombina.log
        
Submitted job 117 with external jobid 'Submitted batch job 11919577'.
[Mon Apr 20 20:57:32 2026]
Error in rule edta_tir:
    message: For further error details see the cluster/cloud log and the log files of the involved rule(s).
    jobid: 89
    input: /user/brussel/109/vsc10945/home/scratch/AmphibianTELibrary/Genomes/Geotrypetes_seraphini/Geotrypetes_seraphini_headers.fna
    output: /user/brussel/109/vsc10945/home/scratch/AmphibianTELibrary/Genomes/Geotrypetes_seraphini/Geotrypetes_seraphini.denovo
    log: /user/brussel/109/vsc10945/home/scratch/AmphibianTELibrary/LOGS/edta/edta_Geotrypetes_seraphini.log (check log file(s) for error details)
    shell:
        
        CDS=$(find /user/brussel/109/vsc10945/home/scratch/AmphibianTELibrary/Genomes/Geotrypetes_seraphini -name '*cds*.fna' | head -1)
        cd /user/brussel/109/vsc10945/home/scratch/AmphibianTELibrary/Genomes/Geotrypetes_seraphini
        PYTHONNOUSERSITE=1 apptainer exec /apps/brussel/containers/edta/EDTA-2.3.0--hdfd78af_0.sif bash -c             'export LC_ALL=C LANG=C LANGUAGE=C && unset -f which && EDTA.pl             --genome /user/brussel/109/vsc10945/home/scratch/AmphibianTELibrary/Genomes/Geotrypetes_seraphini/Geotrypetes_seraphini_headers.fna             --cds '"$CDS"'             --curatedlib /user/brussel/109/vsc10945/home/scratch/TE/Libraries/repbase/31/RepBase31.03.fasta/vrtrep.ref             --type tir             --overwrite 0             --sensitive 0             --anno 0             --evaluate 0             --threads 16 > /user/brussel/109/vsc10945/home/scratch/AmphibianTELibrary/Genomes/Geotrypetes_seraphini/Geotrypetes_seraphini.denovo' 2> /user/brussel/109/vsc10945/home/scratch/AmphibianTELibrary/LOGS/edta/edta_Geotrypetes_seraphini.log
        
        (one of the commands exited with non-zero exit code; note that snakemake uses bash strict mode!)
    external_jobid: Submitted batch job 11919517

[Mon Apr 20 20:57:48 2026]
Error in rule edta_tir:
    message: For further error details see the cluster/cloud log and the log files of the involved rule(s).
    jobid: 29
    input: /user/brussel/109/vsc10945/home/scratch/AmphibianTELibrary/Genomes/Xenopus_petersii/Xenopus_petersii_headers.fna
    output: /user/brussel/109/vsc10945/home/scratch/AmphibianTELibrary/Genomes/Xenopus_petersii/Xenopus_petersii.denovo
    log: /user/brussel/109/vsc10945/home/scratch/AmphibianTELibrary/LOGS/edta/edta_Xenopus_petersii.log (check log file(s) for error details)
    shell:
        
        CDS=$(find /user/brussel/109/vsc10945/home/scratch/AmphibianTELibrary/Genomes/Xenopus_petersii -name '*cds*.fna' | head -1)
        cd /user/brussel/109/vsc10945/home/scratch/AmphibianTELibrary/Genomes/Xenopus_petersii
        PYTHONNOUSERSITE=1 apptainer exec /apps/brussel/containers/edta/EDTA-2.3.0--hdfd78af_0.sif bash -c             'export LC_ALL=C LANG=C LANGUAGE=C && unset -f which && EDTA.pl             --genome /user/brussel/109/vsc10945/home/scratch/AmphibianTELibrary/Genomes/Xenopus_petersii/Xenopus_petersii_headers.fna             --cds '"$CDS"'             --curatedlib /user/brussel/109/vsc10945/home/scratch/TE/Libraries/repbase/31/RepBase31.03.fasta/vrtrep.ref             --type tir             --overwrite 0             --sensitive 0             --anno 0             --evaluate 0             --threads 16 > /user/brussel/109/vsc10945/home/scratch/AmphibianTELibrary/Genomes/Xenopus_petersii/Xenopus_petersii.denovo' 2> /user/brussel/109/vsc10945/home/scratch/AmphibianTELibrary/LOGS/edta/edta_Xenopus_petersii.log
        
        (one of the commands exited with non-zero exit code; note that snakemake uses bash strict mode!)
    external_jobid: Submitted batch job 11919518

[Mon Apr 20 20:58:33 2026]
Error in rule edta_tir:
    message: For further error details see the cluster/cloud log and the log files of the involved rule(s).
    jobid: 59
    input: /user/brussel/109/vsc10945/home/scratch/AmphibianTELibrary/Genomes/Bufotes_viridis/Bufotes_viridis_headers.fna
    output: /user/brussel/109/vsc10945/home/scratch/AmphibianTELibrary/Genomes/Bufotes_viridis/Bufotes_viridis.denovo
    log: /user/brussel/109/vsc10945/home/scratch/AmphibianTELibrary/LOGS/edta/edta_Bufotes_viridis.log (check log file(s) for error details)
    shell:
        
        CDS=$(find /user/brussel/109/vsc10945/home/scratch/AmphibianTELibrary/Genomes/Bufotes_viridis -name '*cds*.fna' | head -1)
        cd /user/brussel/109/vsc10945/home/scratch/AmphibianTELibrary/Genomes/Bufotes_viridis
        PYTHONNOUSERSITE=1 apptainer exec /apps/brussel/containers/edta/EDTA-2.3.0--hdfd78af_0.sif bash -c             'export LC_ALL=C LANG=C LANGUAGE=C && unset -f which && EDTA.pl             --genome /user/brussel/109/vsc10945/home/scratch/AmphibianTELibrary/Genomes/Bufotes_viridis/Bufotes_viridis_headers.fna             --cds '"$CDS"'             --curatedlib /user/brussel/109/vsc10945/home/scratch/TE/Libraries/repbase/31/RepBase31.03.fasta/vrtrep.ref             --type tir             --overwrite 0             --sensitive 0             --anno 0             --evaluate 0             --threads 16 > /user/brussel/109/vsc10945/home/scratch/AmphibianTELibrary/Genomes/Bufotes_viridis/Bufotes_viridis.denovo' 2> /user/brussel/109/vsc10945/home/scratch/AmphibianTELibrary/LOGS/edta/edta_Bufotes_viridis.log
        
        (one of the commands exited with non-zero exit code; note that snakemake uses bash strict mode!)
    external_jobid: Submitted batch job 11919519

[Mon Apr 20 20:58:48 2026]
Error in rule edta_tir:
    message: For further error details see the cluster/cloud log and the log files of the involved rule(s).
    jobid: 119
    input: /user/brussel/109/vsc10945/home/scratch/AmphibianTELibrary/Genomes/Ambystoma_mexicanum/Ambystoma_mexicanum_headers.fna
    output: /user/brussel/109/vsc10945/home/scratch/AmphibianTELibrary/Genomes/Ambystoma_mexicanum/Ambystoma_mexicanum.denovo
    log: /user/brussel/109/vsc10945/home/scratch/AmphibianTELibrary/LOGS/edta/edta_Ambystoma_mexicanum.log (check log file(s) for error details)
    shell:
        
        CDS=$(find /user/brussel/109/vsc10945/home/scratch/AmphibianTELibrary/Genomes/Ambystoma_mexicanum -name '*cds*.fna' | head -1)
        cd /user/brussel/109/vsc10945/home/scratch/AmphibianTELibrary/Genomes/Ambystoma_mexicanum
        PYTHONNOUSERSITE=1 apptainer exec /apps/brussel/containers/edta/EDTA-2.3.0--hdfd78af_0.sif bash -c             'export LC_ALL=C LANG=C LANGUAGE=C && unset -f which && EDTA.pl             --genome /user/brussel/109/vsc10945/home/scratch/AmphibianTELibrary/Genomes/Ambystoma_mexicanum/Ambystoma_mexicanum_headers.fna             --cds '"$CDS"'             --curatedlib /user/brussel/109/vsc10945/home/scratch/TE/Libraries/repbase/31/RepBase31.03.fasta/vrtrep.ref             --type tir             --overwrite 0             --sensitive 0             --anno 0             --evaluate 0             --threads 16 > /user/brussel/109/vsc10945/home/scratch/AmphibianTELibrary/Genomes/Ambystoma_mexicanum/Ambystoma_mexicanum.denovo' 2> /user/brussel/109/vsc10945/home/scratch/AmphibianTELibrary/LOGS/edta/edta_Ambystoma_mexicanum.log
        
        (one of the commands exited with non-zero exit code; note that snakemake uses bash strict mode!)
    external_jobid: Submitted batch job 11919520

[Mon Apr 20 20:59:33 2026]
Error in rule edta_tir:
    message: For further error details see the cluster/cloud log and the log files of the involved rule(s).
    jobid: 91
    input: /user/brussel/109/vsc10945/home/scratch/AmphibianTELibrary/Genomes/Ascaphus_truei/Ascaphus_truei_headers.fna
    output: /user/brussel/109/vsc10945/home/scratch/AmphibianTELibrary/Genomes/Ascaphus_truei/Ascaphus_truei.denovo
    log: /user/brussel/109/vsc10945/home/scratch/AmphibianTELibrary/LOGS/edta/edta_Ascaphus_truei.log (check log file(s) for error details)
    shell:
        
        CDS=$(find /user/brussel/109/vsc10945/home/scratch/AmphibianTELibrary/Genomes/Ascaphus_truei -name '*cds*.fna' | head -1)
        cd /user/brussel/109/vsc10945/home/scratch/AmphibianTELibrary/Genomes/Ascaphus_truei
        PYTHONNOUSERSITE=1 apptainer exec /apps/brussel/containers/edta/EDTA-2.3.0--hdfd78af_0.sif bash -c             'export LC_ALL=C LANG=C LANGUAGE=C && unset -f which && EDTA.pl             --genome /user/brussel/109/vsc10945/home/scratch/AmphibianTELibrary/Genomes/Ascaphus_truei/Ascaphus_truei_headers.fna             --cds '"$CDS"'             --curatedlib /user/brussel/109/vsc10945/home/scratch/TE/Libraries/repbase/31/RepBase31.03.fasta/vrtrep.ref             --type tir             --overwrite 0             --sensitive 0             --anno 0             --evaluate 0             --threads 16 > /user/brussel/109/vsc10945/home/scratch/AmphibianTELibrary/Genomes/Ascaphus_truei/Ascaphus_truei.denovo' 2> /user/brussel/109/vsc10945/home/scratch/AmphibianTELibrary/LOGS/edta/edta_Ascaphus_truei.log
        
        (one of the commands exited with non-zero exit code; note that snakemake uses bash strict mode!)
    external_jobid: Submitted batch job 11919521

[Mon Apr 20 21:00:03 2026]
Error in rule edta_tir:
    message: For further error details see the cluster/cloud log and the log files of the involved rule(s).
    jobid: 31
    input: /user/brussel/109/vsc10945/home/scratch/AmphibianTELibrary/Genomes/Bufo_gargarizans/Bufo_gargarizans_headers.fna
    output: /user/brussel/109/vsc10945/home/scratch/AmphibianTELibrary/Genomes/Bufo_gargarizans/Bufo_gargarizans.denovo
    log: /user/brussel/109/vsc10945/home/scratch/AmphibianTELibrary/LOGS/edta/edta_Bufo_gargarizans.log (check log file(s) for error details)
    shell:
        
        CDS=$(find /user/brussel/109/vsc10945/home/scratch/AmphibianTELibrary/Genomes/Bufo_gargarizans -name '*cds*.fna' | head -1)
        cd /user/brussel/109/vsc10945/home/scratch/AmphibianTELibrary/Genomes/Bufo_gargarizans
        PYTHONNOUSERSITE=1 apptainer exec /apps/brussel/containers/edta/EDTA-2.3.0--hdfd78af_0.sif bash -c             'export LC_ALL=C LANG=C LANGUAGE=C && unset -f which && EDTA.pl             --genome /user/brussel/109/vsc10945/home/scratch/AmphibianTELibrary/Genomes/Bufo_gargarizans/Bufo_gargarizans_headers.fna             --cds '"$CDS"'             --curatedlib /user/brussel/109/vsc10945/home/scratch/TE/Libraries/repbase/31/RepBase31.03.fasta/vrtrep.ref             --type tir             --overwrite 0             --sensitive 0             --anno 0             --evaluate 0             --threads 16 > /user/brussel/109/vsc10945/home/scratch/AmphibianTELibrary/Genomes/Bufo_gargarizans/Bufo_gargarizans.denovo' 2> /user/brussel/109/vsc10945/home/scratch/AmphibianTELibrary/LOGS/edta/edta_Bufo_gargarizans.log
        
        (one of the commands exited with non-zero exit code; note that snakemake uses bash strict mode!)
    external_jobid: Submitted batch job 11919522

[Mon Apr 20 21:00:33 2026]
Error in rule edta_tir:
    message: For further error details see the cluster/cloud log and the log files of the involved rule(s).
    jobid: 61
    input: /user/brussel/109/vsc10945/home/scratch/AmphibianTELibrary/Genomes/Lissotriton_vulgaris/Lissotriton_vulgaris_headers.fna
    output: /user/brussel/109/vsc10945/home/scratch/AmphibianTELibrary/Genomes/Lissotriton_vulgaris/Lissotriton_vulgaris.denovo
    log: /user/brussel/109/vsc10945/home/scratch/AmphibianTELibrary/LOGS/edta/edta_Lissotriton_vulgaris.log (check log file(s) for error details)
    shell:
        
        CDS=$(find /user/brussel/109/vsc10945/home/scratch/AmphibianTELibrary/Genomes/Lissotriton_vulgaris -name '*cds*.fna' | head -1)
        cd /user/brussel/109/vsc10945/home/scratch/AmphibianTELibrary/Genomes/Lissotriton_vulgaris
        PYTHONNOUSERSITE=1 apptainer exec /apps/brussel/containers/edta/EDTA-2.3.0--hdfd78af_0.sif bash -c             'export LC_ALL=C LANG=C LANGUAGE=C && unset -f which && EDTA.pl             --genome /user/brussel/109/vsc10945/home/scratch/AmphibianTELibrary/Genomes/Lissotriton_vulgaris/Lissotriton_vulgaris_headers.fna             --cds '"$CDS"'             --curatedlib /user/brussel/109/vsc10945/home/scratch/TE/Libraries/repbase/31/RepBase31.03.fasta/vrtrep.ref             --type tir             --overwrite 0             --sensitive 0             --anno 0             --evaluate 0             --threads 16 > /user/brussel/109/vsc10945/home/scratch/AmphibianTELibrary/Genomes/Lissotriton_vulgaris/Lissotriton_vulgaris.denovo' 2> /user/brussel/109/vsc10945/home/scratch/AmphibianTELibrary/LOGS/edta/edta_Lissotriton_vulgaris.log
        
        (one of the commands exited with non-zero exit code; note that snakemake uses bash strict mode!)
    external_jobid: Submitted batch job 11919523

[Mon Apr 20 21:01:03 2026]
Error in rule edta_tir:
    message: For further error details see the cluster/cloud log and the log files of the involved rule(s).
    jobid: 121
    input: /user/brussel/109/vsc10945/home/scratch/AmphibianTELibrary/Genomes/Rana_temporaria/Rana_temporaria_headers.fna
    output: /user/brussel/109/vsc10945/home/scratch/AmphibianTELibrary/Genomes/Rana_temporaria/Rana_temporaria.denovo
    log: /user/brussel/109/vsc10945/home/scratch/AmphibianTELibrary/LOGS/edta/edta_Rana_temporaria.log (check log file(s) for error details)
    shell:
        
        CDS=$(find /user/brussel/109/vsc10945/home/scratch/AmphibianTELibrary/Genomes/Rana_temporaria -name '*cds*.fna' | head -1)
        cd /user/brussel/109/vsc10945/home/scratch/AmphibianTELibrary/Genomes/Rana_temporaria
        PYTHONNOUSERSITE=1 apptainer exec /apps/brussel/containers/edta/EDTA-2.3.0--hdfd78af_0.sif bash -c             'export LC_ALL=C LANG=C LANGUAGE=C && unset -f which && EDTA.pl             --genome /user/brussel/109/vsc10945/home/scratch/AmphibianTELibrary/Genomes/Rana_temporaria/Rana_temporaria_headers.fna             --cds '"$CDS"'             --curatedlib /user/brussel/109/vsc10945/home/scratch/TE/Libraries/repbase/31/RepBase31.03.fasta/vrtrep.ref             --type tir             --overwrite 0             --sensitive 0             --anno 0             --evaluate 0             --threads 16 > /user/brussel/109/vsc10945/home/scratch/AmphibianTELibrary/Genomes/Rana_temporaria/Rana_temporaria.denovo' 2> /user/brussel/109/vsc10945/home/scratch/AmphibianTELibrary/LOGS/edta/edta_Rana_temporaria.log
        
        (one of the commands exited with non-zero exit code; note that snakemake uses bash strict mode!)
    external_jobid: Submitted batch job 11919524

[Mon Apr 20 21:01:33 2026]
Error in rule edta_tir:
    message: For further error details see the cluster/cloud log and the log files of the involved rule(s).
    jobid: 93
    input: /user/brussel/109/vsc10945/home/scratch/AmphibianTELibrary/Genomes/Ranitomeya_variabilis/Ranitomeya_variabilis_headers.fna
    output: /user/brussel/109/vsc10945/home/scratch/AmphibianTELibrary/Genomes/Ranitomeya_variabilis/Ranitomeya_variabilis.denovo
    log: /user/brussel/109/vsc10945/home/scratch/AmphibianTELibrary/LOGS/edta/edta_Ranitomeya_variabilis.log (check log file(s) for error details)
    shell:
        
        CDS=$(find /user/brussel/109/vsc10945/home/scratch/AmphibianTELibrary/Genomes/Ranitomeya_variabilis -name '*cds*.fna' | head -1)
        cd /user/brussel/109/vsc10945/home/scratch/AmphibianTELibrary/Genomes/Ranitomeya_variabilis
        PYTHONNOUSERSITE=1 apptainer exec /apps/brussel/containers/edta/EDTA-2.3.0--hdfd78af_0.sif bash -c             'export LC_ALL=C LANG=C LANGUAGE=C && unset -f which && EDTA.pl             --genome /user/brussel/109/vsc10945/home/scratch/AmphibianTELibrary/Genomes/Ranitomeya_variabilis/Ranitomeya_variabilis_headers.fna             --cds '"$CDS"'             --curatedlib /user/brussel/109/vsc10945/home/scratch/TE/Libraries/repbase/31/RepBase31.03.fasta/vrtrep.ref             --type tir             --overwrite 0             --sensitive 0             --anno 0             --evaluate 0             --threads 16 > /user/brussel/109/vsc10945/home/scratch/AmphibianTELibrary/Genomes/Ranitomeya_variabilis/Ranitomeya_variabilis.denovo' 2> /user/brussel/109/vsc10945/home/scratch/AmphibianTELibrary/LOGS/edta/edta_Ranitomeya_variabilis.log
        
        (one of the commands exited with non-zero exit code; note that snakemake uses bash strict mode!)
    external_jobid: Submitted batch job 11919525

[Mon Apr 20 21:02:03 2026]
Error in rule edta_tir:
    message: For further error details see the cluster/cloud log and the log files of the involved rule(s).
    jobid: 33
    input: /user/brussel/109/vsc10945/home/scratch/AmphibianTELibrary/Genomes/Xenopus_borealis/Xenopus_borealis_headers.fna
    output: /user/brussel/109/vsc10945/home/scratch/AmphibianTELibrary/Genomes/Xenopus_borealis/Xenopus_borealis.denovo
    log: /user/brussel/109/vsc10945/home/scratch/AmphibianTELibrary/LOGS/edta/edta_Xenopus_borealis.log (check log file(s) for error details)
    shell:
        
        CDS=$(find /user/brussel/109/vsc10945/home/scratch/AmphibianTELibrary/Genomes/Xenopus_borealis -name '*cds*.fna' | head -1)
        cd /user/brussel/109/vsc10945/home/scratch/AmphibianTELibrary/Genomes/Xenopus_borealis
        PYTHONNOUSERSITE=1 apptainer exec /apps/brussel/containers/edta/EDTA-2.3.0--hdfd78af_0.sif bash -c             'export LC_ALL=C LANG=C LANGUAGE=C && unset -f which && EDTA.pl             --genome /user/brussel/109/vsc10945/home/scratch/AmphibianTELibrary/Genomes/Xenopus_borealis/Xenopus_borealis_headers.fna             --cds '"$CDS"'             --curatedlib /user/brussel/109/vsc10945/home/scratch/TE/Libraries/repbase/31/RepBase31.03.fasta/vrtrep.ref             --type tir             --overwrite 0             --sensitive 0             --anno 0             --evaluate 0             --threads 16 > /user/brussel/109/vsc10945/home/scratch/AmphibianTELibrary/Genomes/Xenopus_borealis/Xenopus_borealis.denovo' 2> /user/brussel/109/vsc10945/home/scratch/AmphibianTELibrary/LOGS/edta/edta_Xenopus_borealis.log
        
        (one of the commands exited with non-zero exit code; note that snakemake uses bash strict mode!)
    external_jobid: Submitted batch job 11919526

[Mon Apr 20 21:02:33 2026]
Error in rule edta_tir:
    message: For further error details see the cluster/cloud log and the log files of the involved rule(s).
    jobid: 3
    input: /user/brussel/109/vsc10945/home/scratch/AmphibianTELibrary/Genomes/Hyla_sarda/Hyla_sarda_headers.fna
    output: /user/brussel/109/vsc10945/home/scratch/AmphibianTELibrary/Genomes/Hyla_sarda/Hyla_sarda.denovo
    log: /user/brussel/109/vsc10945/home/scratch/AmphibianTELibrary/LOGS/edta/edta_Hyla_sarda.log (check log file(s) for error details)
    shell:
        
        CDS=$(find /user/brussel/109/vsc10945/home/scratch/AmphibianTELibrary/Genomes/Hyla_sarda -name '*cds*.fna' | head -1)
        cd /user/brussel/109/vsc10945/home/scratch/AmphibianTELibrary/Genomes/Hyla_sarda
        PYTHONNOUSERSITE=1 apptainer exec /apps/brussel/containers/edta/EDTA-2.3.0--hdfd78af_0.sif bash -c             'export LC_ALL=C LANG=C LANGUAGE=C && unset -f which && EDTA.pl             --genome /user/brussel/109/vsc10945/home/scratch/AmphibianTELibrary/Genomes/Hyla_sarda/Hyla_sarda_headers.fna             --cds '"$CDS"'             --curatedlib /user/brussel/109/vsc10945/home/scratch/TE/Libraries/repbase/31/RepBase31.03.fasta/vrtrep.ref             --type tir             --overwrite 0             --sensitive 0             --anno 0             --evaluate 0             --threads 16 > /user/brussel/109/vsc10945/home/scratch/AmphibianTELibrary/Genomes/Hyla_sarda/Hyla_sarda.denovo' 2> /user/brussel/109/vsc10945/home/scratch/AmphibianTELibrary/LOGS/edta/edta_Hyla_sarda.log
        
        (one of the commands exited with non-zero exit code; note that snakemake uses bash strict mode!)
    external_jobid: Submitted batch job 11919527

[Mon Apr 20 21:03:02 2026]
Error in rule edta_tir:
    message: For further error details see the cluster/cloud log and the log files of the involved rule(s).
    jobid: 63
    input: /user/brussel/109/vsc10945/home/scratch/AmphibianTELibrary/Genomes/Spea_bombifrons/Spea_bombifrons_headers.fna
    output: /user/brussel/109/vsc10945/home/scratch/AmphibianTELibrary/Genomes/Spea_bombifrons/Spea_bombifrons.denovo
    log: /user/brussel/109/vsc10945/home/scratch/AmphibianTELibrary/LOGS/edta/edta_Spea_bombifrons.log (check log file(s) for error details)
    shell:
        
        CDS=$(find /user/brussel/109/vsc10945/home/scratch/AmphibianTELibrary/Genomes/Spea_bombifrons -name '*cds*.fna' | head -1)
        cd /user/brussel/109/vsc10945/home/scratch/AmphibianTELibrary/Genomes/Spea_bombifrons
        PYTHONNOUSERSITE=1 apptainer exec /apps/brussel/containers/edta/EDTA-2.3.0--hdfd78af_0.sif bash -c             'export LC_ALL=C LANG=C LANGUAGE=C && unset -f which && EDTA.pl             --genome /user/brussel/109/vsc10945/home/scratch/AmphibianTELibrary/Genomes/Spea_bombifrons/Spea_bombifrons_headers.fna             --cds '"$CDS"'             --curatedlib /user/brussel/109/vsc10945/home/scratch/TE/Libraries/repbase/31/RepBase31.03.fasta/vrtrep.ref             --type tir             --overwrite 0             --sensitive 0             --anno 0             --evaluate 0             --threads 16 > /user/brussel/109/vsc10945/home/scratch/AmphibianTELibrary/Genomes/Spea_bombifrons/Spea_bombifrons.denovo' 2> /user/brussel/109/vsc10945/home/scratch/AmphibianTELibrary/LOGS/edta/edta_Spea_bombifrons.log
        
        (one of the commands exited with non-zero exit code; note that snakemake uses bash strict mode!)
    external_jobid: Submitted batch job 11919528

[Mon Apr 20 21:03:30 2026]
Error in rule edta_tir:
    message: For further error details see the cluster/cloud log and the log files of the involved rule(s).
    jobid: 87
    input: /user/brussel/109/vsc10945/home/scratch/AmphibianTELibrary/Genomes/Leptodactylus_fuscus/Leptodactylus_fuscus_headers.fna
    output: /user/brussel/109/vsc10945/home/scratch/AmphibianTELibrary/Genomes/Leptodactylus_fuscus/Leptodactylus_fuscus.denovo
    log: /user/brussel/109/vsc10945/home/scratch/AmphibianTELibrary/LOGS/edta/edta_Leptodactylus_fuscus.log (check log file(s) for error details)
    shell:
        
        CDS=$(find /user/brussel/109/vsc10945/home/scratch/AmphibianTELibrary/Genomes/Leptodactylus_fuscus -name '*cds*.fna' | head -1)
        cd /user/brussel/109/vsc10945/home/scratch/AmphibianTELibrary/Genomes/Leptodactylus_fuscus
        PYTHONNOUSERSITE=1 apptainer exec /apps/brussel/containers/edta/EDTA-2.3.0--hdfd78af_0.sif bash -c             'export LC_ALL=C LANG=C LANGUAGE=C && unset -f which && EDTA.pl             --genome /user/brussel/109/vsc10945/home/scratch/AmphibianTELibrary/Genomes/Leptodactylus_fuscus/Leptodactylus_fuscus_headers.fna             --cds '"$CDS"'             --curatedlib /user/brussel/109/vsc10945/home/scratch/TE/Libraries/repbase/31/RepBase31.03.fasta/vrtrep.ref             --type tir             --overwrite 0             --sensitive 0             --anno 0             --evaluate 0             --threads 16 > /user/brussel/109/vsc10945/home/scratch/AmphibianTELibrary/Genomes/Leptodactylus_fuscus/Leptodactylus_fuscus.denovo' 2> /user/brussel/109/vsc10945/home/scratch/AmphibianTELibrary/LOGS/edta/edta_Leptodactylus_fuscus.log
        
        (one of the commands exited with non-zero exit code; note that snakemake uses bash strict mode!)
    external_jobid: Submitted batch job 11919529

[Mon Apr 20 21:04:12 2026]
Error in rule edta_tir:
    message: For further error details see the cluster/cloud log and the log files of the involved rule(s).
    jobid: 95
    input: /user/brussel/109/vsc10945/home/scratch/AmphibianTELibrary/Genomes/Pelophylax_nigromaculatus/Pelophylax_nigromaculatus_headers.fna
    output: /user/brussel/109/vsc10945/home/scratch/AmphibianTELibrary/Genomes/Pelophylax_nigromaculatus/Pelophylax_nigromaculatus.denovo
    log: /user/brussel/109/vsc10945/home/scratch/AmphibianTELibrary/LOGS/edta/edta_Pelophylax_nigromaculatus.log (check log file(s) for error details)
    shell:
        
        CDS=$(find /user/brussel/109/vsc10945/home/scratch/AmphibianTELibrary/Genomes/Pelophylax_nigromaculatus -name '*cds*.fna' | head -1)
        cd /user/brussel/109/vsc10945/home/scratch/AmphibianTELibrary/Genomes/Pelophylax_nigromaculatus
        PYTHONNOUSERSITE=1 apptainer exec /apps/brussel/containers/edta/EDTA-2.3.0--hdfd78af_0.sif bash -c             'export LC_ALL=C LANG=C LANGUAGE=C && unset -f which && EDTA.pl             --genome /user/brussel/109/vsc10945/home/scratch/AmphibianTELibrary/Genomes/Pelophylax_nigromaculatus/Pelophylax_nigromaculatus_headers.fna             --cds '"$CDS"'             --curatedlib /user/brussel/109/vsc10945/home/scratch/TE/Libraries/repbase/31/RepBase31.03.fasta/vrtrep.ref             --type tir             --overwrite 0             --sensitive 0             --anno 0             --evaluate 0             --threads 16 > /user/brussel/109/vsc10945/home/scratch/AmphibianTELibrary/Genomes/Pelophylax_nigromaculatus/Pelophylax_nigromaculatus.denovo' 2> /user/brussel/109/vsc10945/home/scratch/AmphibianTELibrary/LOGS/edta/edta_Pelophylax_nigromaculatus.log
        
        (one of the commands exited with non-zero exit code; note that snakemake uses bash strict mode!)
    external_jobid: Submitted batch job 11919530

[Mon Apr 20 21:04:40 2026]
Error in rule edta_tir:
    message: For further error details see the cluster/cloud log and the log files of the involved rule(s).
    jobid: 65
    input: /user/brussel/109/vsc10945/home/scratch/AmphibianTELibrary/Genomes/Pelophylax_lessonae/Pelophylax_lessonae_headers.fna
    output: /user/brussel/109/vsc10945/home/scratch/AmphibianTELibrary/Genomes/Pelophylax_lessonae/Pelophylax_lessonae.denovo
    log: /user/brussel/109/vsc10945/home/scratch/AmphibianTELibrary/LOGS/edta/edta_Pelophylax_lessonae.log (check log file(s) for error details)
    shell:
        
        CDS=$(find /user/brussel/109/vsc10945/home/scratch/AmphibianTELibrary/Genomes/Pelophylax_lessonae -name '*cds*.fna' | head -1)
        cd /user/brussel/109/vsc10945/home/scratch/AmphibianTELibrary/Genomes/Pelophylax_lessonae
        PYTHONNOUSERSITE=1 apptainer exec /apps/brussel/containers/edta/EDTA-2.3.0--hdfd78af_0.sif bash -c             'export LC_ALL=C LANG=C LANGUAGE=C && unset -f which && EDTA.pl             --genome /user/brussel/109/vsc10945/home/scratch/AmphibianTELibrary/Genomes/Pelophylax_lessonae/Pelophylax_lessonae_headers.fna             --cds '"$CDS"'             --curatedlib /user/brussel/109/vsc10945/home/scratch/TE/Libraries/repbase/31/RepBase31.03.fasta/vrtrep.ref             --type tir             --overwrite 0             --sensitive 0             --anno 0             --evaluate 0             --threads 16 > /user/brussel/109/vsc10945/home/scratch/AmphibianTELibrary/Genomes/Pelophylax_lessonae/Pelophylax_lessonae.denovo' 2> /user/brussel/109/vsc10945/home/scratch/AmphibianTELibrary/LOGS/edta/edta_Pelophylax_lessonae.log
        
        (one of the commands exited with non-zero exit code; note that snakemake uses bash strict mode!)
    external_jobid: Submitted batch job 11919531

[Mon Apr 20 21:05:08 2026]
Error in rule edta_tir:
    message: For further error details see the cluster/cloud log and the log files of the involved rule(s).
    jobid: 1
    input: /user/brussel/109/vsc10945/home/scratch/AmphibianTELibrary/Genomes/Lithobates_sylvaticus/Lithobates_sylvaticus_headers.fna
    output: /user/brussel/109/vsc10945/home/scratch/AmphibianTELibrary/Genomes/Lithobates_sylvaticus/Lithobates_sylvaticus.denovo
    log: /user/brussel/109/vsc10945/home/scratch/AmphibianTELibrary/LOGS/edta/edta_Lithobates_sylvaticus.log (check log file(s) for error details)
    shell:
        
        CDS=$(find /user/brussel/109/vsc10945/home/scratch/AmphibianTELibrary/Genomes/Lithobates_sylvaticus -name '*cds*.fna' | head -1)
        cd /user/brussel/109/vsc10945/home/scratch/AmphibianTELibrary/Genomes/Lithobates_sylvaticus
        PYTHONNOUSERSITE=1 apptainer exec /apps/brussel/containers/edta/EDTA-2.3.0--hdfd78af_0.sif bash -c             'export LC_ALL=C LANG=C LANGUAGE=C && unset -f which && EDTA.pl             --genome /user/brussel/109/vsc10945/home/scratch/AmphibianTELibrary/Genomes/Lithobates_sylvaticus/Lithobates_sylvaticus_headers.fna             --cds '"$CDS"'             --curatedlib /user/brussel/109/vsc10945/home/scratch/TE/Libraries/repbase/31/RepBase31.03.fasta/vrtrep.ref             --type tir             --overwrite 0             --sensitive 0             --anno 0             --evaluate 0             --threads 16 > /user/brussel/109/vsc10945/home/scratch/AmphibianTELibrary/Genomes/Lithobates_sylvaticus/Lithobates_sylvaticus.denovo' 2> /user/brussel/109/vsc10945/home/scratch/AmphibianTELibrary/LOGS/edta/edta_Lithobates_sylvaticus.log
        
        (one of the commands exited with non-zero exit code; note that snakemake uses bash strict mode!)
    external_jobid: Submitted batch job 11919532

[Mon Apr 20 21:05:50 2026]
Error in rule edta_tir:
    message: For further error details see the cluster/cloud log and the log files of the involved rule(s).
    jobid: 5
    input: /user/brussel/109/vsc10945/home/scratch/AmphibianTELibrary/Genomes/Engystomops_pustulosus/Engystomops_pustulosus_headers.fna
    output: /user/brussel/109/vsc10945/home/scratch/AmphibianTELibrary/Genomes/Engystomops_pustulosus/Engystomops_pustulosus.denovo
    log: /user/brussel/109/vsc10945/home/scratch/AmphibianTELibrary/LOGS/edta/edta_Engystomops_pustulosus.log (check log file(s) for error details)
    shell:
        
        CDS=$(find /user/brussel/109/vsc10945/home/scratch/AmphibianTELibrary/Genomes/Engystomops_pustulosus -name '*cds*.fna' | head -1)
        cd /user/brussel/109/vsc10945/home/scratch/AmphibianTELibrary/Genomes/Engystomops_pustulosus
        PYTHONNOUSERSITE=1 apptainer exec /apps/brussel/containers/edta/EDTA-2.3.0--hdfd78af_0.sif bash -c             'export LC_ALL=C LANG=C LANGUAGE=C && unset -f which && EDTA.pl             --genome /user/brussel/109/vsc10945/home/scratch/AmphibianTELibrary/Genomes/Engystomops_pustulosus/Engystomops_pustulosus_headers.fna             --cds '"$CDS"'             --curatedlib /user/brussel/109/vsc10945/home/scratch/TE/Libraries/repbase/31/RepBase31.03.fasta/vrtrep.ref             --type tir             --overwrite 0             --sensitive 0             --anno 0             --evaluate 0             --threads 16 > /user/brussel/109/vsc10945/home/scratch/AmphibianTELibrary/Genomes/Engystomops_pustulosus/Engystomops_pustulosus.denovo' 2> /user/brussel/109/vsc10945/home/scratch/AmphibianTELibrary/LOGS/edta/edta_Engystomops_pustulosus.log
        
        (one of the commands exited with non-zero exit code; note that snakemake uses bash strict mode!)
    external_jobid: Submitted batch job 11919533

[Mon Apr 20 21:06:18 2026]
Error in rule edta_tir:
    message: For further error details see the cluster/cloud log and the log files of the involved rule(s).
    jobid: 35
    input: /user/brussel/109/vsc10945/home/scratch/AmphibianTELibrary/Genomes/Epidalea_calamita/Epidalea_calamita_headers.fna
    output: /user/brussel/109/vsc10945/home/scratch/AmphibianTELibrary/Genomes/Epidalea_calamita/Epidalea_calamita.denovo
    log: /user/brussel/109/vsc10945/home/scratch/AmphibianTELibrary/LOGS/edta/edta_Epidalea_calamita.log (check log file(s) for error details)
    shell:
        
        CDS=$(find /user/brussel/109/vsc10945/home/scratch/AmphibianTELibrary/Genomes/Epidalea_calamita -name '*cds*.fna' | head -1)
        cd /user/brussel/109/vsc10945/home/scratch/AmphibianTELibrary/Genomes/Epidalea_calamita
        PYTHONNOUSERSITE=1 apptainer exec /apps/brussel/containers/edta/EDTA-2.3.0--hdfd78af_0.sif bash -c             'export LC_ALL=C LANG=C LANGUAGE=C && unset -f which && EDTA.pl             --genome /user/brussel/109/vsc10945/home/scratch/AmphibianTELibrary/Genomes/Epidalea_calamita/Epidalea_calamita_headers.fna             --cds '"$CDS"'             --curatedlib /user/brussel/109/vsc10945/home/scratch/TE/Libraries/repbase/31/RepBase31.03.fasta/vrtrep.ref             --type tir             --overwrite 0             --sensitive 0             --anno 0             --evaluate 0             --threads 16 > /user/brussel/109/vsc10945/home/scratch/AmphibianTELibrary/Genomes/Epidalea_calamita/Epidalea_calamita.denovo' 2> /user/brussel/109/vsc10945/home/scratch/AmphibianTELibrary/LOGS/edta/edta_Epidalea_calamita.log
        
        (one of the commands exited with non-zero exit code; note that snakemake uses bash strict mode!)
    external_jobid: Submitted batch job 11919534

[Mon Apr 20 21:06:46 2026]
Error in rule edta_tir:
    message: For further error details see the cluster/cloud log and the log files of the involved rule(s).
    jobid: 7
    input: /user/brussel/109/vsc10945/home/scratch/AmphibianTELibrary/Genomes/Fejervarya_limnocharis/Fejervarya_limnocharis_headers.fna
    output: /user/brussel/109/vsc10945/home/scratch/AmphibianTELibrary/Genomes/Fejervarya_limnocharis/Fejervarya_limnocharis.denovo
    log: /user/brussel/109/vsc10945/home/scratch/AmphibianTELibrary/LOGS/edta/edta_Fejervarya_limnocharis.log (check log file(s) for error details)
    shell:
        
        CDS=$(find /user/brussel/109/vsc10945/home/scratch/AmphibianTELibrary/Genomes/Fejervarya_limnocharis -name '*cds*.fna' | head -1)
        cd /user/brussel/109/vsc10945/home/scratch/AmphibianTELibrary/Genomes/Fejervarya_limnocharis
        PYTHONNOUSERSITE=1 apptainer exec /apps/brussel/containers/edta/EDTA-2.3.0--hdfd78af_0.sif bash -c             'export LC_ALL=C LANG=C LANGUAGE=C && unset -f which && EDTA.pl             --genome /user/brussel/109/vsc10945/home/scratch/AmphibianTELibrary/Genomes/Fejervarya_limnocharis/Fejervarya_limnocharis_headers.fna             --cds '"$CDS"'             --curatedlib /user/brussel/109/vsc10945/home/scratch/TE/Libraries/repbase/31/RepBase31.03.fasta/vrtrep.ref             --type tir             --overwrite 0             --sensitive 0             --anno 0             --evaluate 0             --threads 16 > /user/brussel/109/vsc10945/home/scratch/AmphibianTELibrary/Genomes/Fejervarya_limnocharis/Fejervarya_limnocharis.denovo' 2> /user/brussel/109/vsc10945/home/scratch/AmphibianTELibrary/LOGS/edta/edta_Fejervarya_limnocharis.log
        
        (one of the commands exited with non-zero exit code; note that snakemake uses bash strict mode!)
    external_jobid: Submitted batch job 11919535

[Mon Apr 20 21:07:14 2026]
Error in rule edta_tir:
    message: For further error details see the cluster/cloud log and the log files of the involved rule(s).
    jobid: 37
    input: /user/brussel/109/vsc10945/home/scratch/AmphibianTELibrary/Genomes/Eleutherodactylus_marnockii/Eleutherodactylus_marnockii_headers.fna
    output: /user/brussel/109/vsc10945/home/scratch/AmphibianTELibrary/Genomes/Eleutherodactylus_marnockii/Eleutherodactylus_marnockii.denovo
    log: /user/brussel/109/vsc10945/home/scratch/AmphibianTELibrary/LOGS/edta/edta_Eleutherodactylus_marnockii.log (check log file(s) for error details)
    shell:
        
        CDS=$(find /user/brussel/109/vsc10945/home/scratch/AmphibianTELibrary/Genomes/Eleutherodactylus_marnockii -name '*cds*.fna' | head -1)
        cd /user/brussel/109/vsc10945/home/scratch/AmphibianTELibrary/Genomes/Eleutherodactylus_marnockii
        PYTHONNOUSERSITE=1 apptainer exec /apps/brussel/containers/edta/EDTA-2.3.0--hdfd78af_0.sif bash -c             'export LC_ALL=C LANG=C LANGUAGE=C && unset -f which && EDTA.pl             --genome /user/brussel/109/vsc10945/home/scratch/AmphibianTELibrary/Genomes/Eleutherodactylus_marnockii/Eleutherodactylus_marnockii_headers.fna             --cds '"$CDS"'             --curatedlib /user/brussel/109/vsc10945/home/scratch/TE/Libraries/repbase/31/RepBase31.03.fasta/vrtrep.ref             --type tir             --overwrite 0             --sensitive 0             --anno 0             --evaluate 0             --threads 16 > /user/brussel/109/vsc10945/home/scratch/AmphibianTELibrary/Genomes/Eleutherodactylus_marnockii/Eleutherodactylus_marnockii.denovo' 2> /user/brussel/109/vsc10945/home/scratch/AmphibianTELibrary/LOGS/edta/edta_Eleutherodactylus_marnockii.log
        
        (one of the commands exited with non-zero exit code; note that snakemake uses bash strict mode!)
    external_jobid: Submitted batch job 11919536

[Mon Apr 20 21:07:57 2026]
Error in rule edta_tir:
    message: For further error details see the cluster/cloud log and the log files of the involved rule(s).
    jobid: 67
    input: /user/brussel/109/vsc10945/home/scratch/AmphibianTELibrary/Genomes/Spea_multiplicata/Spea_multiplicata_headers.fna
    output: /user/brussel/109/vsc10945/home/scratch/AmphibianTELibrary/Genomes/Spea_multiplicata/Spea_multiplicata.denovo
    log: /user/brussel/109/vsc10945/home/scratch/AmphibianTELibrary/LOGS/edta/edta_Spea_multiplicata.log (check log file(s) for error details)
    shell:
        
        CDS=$(find /user/brussel/109/vsc10945/home/scratch/AmphibianTELibrary/Genomes/Spea_multiplicata -name '*cds*.fna' | head -1)
        cd /user/brussel/109/vsc10945/home/scratch/AmphibianTELibrary/Genomes/Spea_multiplicata
        PYTHONNOUSERSITE=1 apptainer exec /apps/brussel/containers/edta/EDTA-2.3.0--hdfd78af_0.sif bash -c             'export LC_ALL=C LANG=C LANGUAGE=C && unset -f which && EDTA.pl             --genome /user/brussel/109/vsc10945/home/scratch/AmphibianTELibrary/Genomes/Spea_multiplicata/Spea_multiplicata_headers.fna             --cds '"$CDS"'             --curatedlib /user/brussel/109/vsc10945/home/scratch/TE/Libraries/repbase/31/RepBase31.03.fasta/vrtrep.ref             --type tir             --overwrite 0             --sensitive 0             --anno 0             --evaluate 0             --threads 16 > /user/brussel/109/vsc10945/home/scratch/AmphibianTELibrary/Genomes/Spea_multiplicata/Spea_multiplicata.denovo' 2> /user/brussel/109/vsc10945/home/scratch/AmphibianTELibrary/LOGS/edta/edta_Spea_multiplicata.log
        
        (one of the commands exited with non-zero exit code; note that snakemake uses bash strict mode!)
    external_jobid: Submitted batch job 11919537

[Mon Apr 20 21:08:24 2026]
Error in rule edta_tir:
    message: For further error details see the cluster/cloud log and the log files of the involved rule(s).
    jobid: 97
    input: /user/brussel/109/vsc10945/home/scratch/AmphibianTELibrary/Genomes/Desmognathus_fuscus/Desmognathus_fuscus_headers.fna
    output: /user/brussel/109/vsc10945/home/scratch/AmphibianTELibrary/Genomes/Desmognathus_fuscus/Desmognathus_fuscus.denovo
    log: /user/brussel/109/vsc10945/home/scratch/AmphibianTELibrary/LOGS/edta/edta_Desmognathus_fuscus.log (check log file(s) for error details)
    shell:
        
        CDS=$(find /user/brussel/109/vsc10945/home/scratch/AmphibianTELibrary/Genomes/Desmognathus_fuscus -name '*cds*.fna' | head -1)
        cd /user/brussel/109/vsc10945/home/scratch/AmphibianTELibrary/Genomes/Desmognathus_fuscus
        PYTHONNOUSERSITE=1 apptainer exec /apps/brussel/containers/edta/EDTA-2.3.0--hdfd78af_0.sif bash -c             'export LC_ALL=C LANG=C LANGUAGE=C && unset -f which && EDTA.pl             --genome /user/brussel/109/vsc10945/home/scratch/AmphibianTELibrary/Genomes/Desmognathus_fuscus/Desmognathus_fuscus_headers.fna             --cds '"$CDS"'             --curatedlib /user/brussel/109/vsc10945/home/scratch/TE/Libraries/repbase/31/RepBase31.03.fasta/vrtrep.ref             --type tir             --overwrite 0             --sensitive 0             --anno 0             --evaluate 0             --threads 16 > /user/brussel/109/vsc10945/home/scratch/AmphibianTELibrary/Genomes/Desmognathus_fuscus/Desmognathus_fuscus.denovo' 2> /user/brussel/109/vsc10945/home/scratch/AmphibianTELibrary/LOGS/edta/edta_Desmognathus_fuscus.log
        
        (one of the commands exited with non-zero exit code; note that snakemake uses bash strict mode!)
    external_jobid: Submitted batch job 11919538

[Mon Apr 20 21:08:50 2026]
Error in rule edta_tir:
    message: For further error details see the cluster/cloud log and the log files of the involved rule(s).
    jobid: 9
    input: /user/brussel/109/vsc10945/home/scratch/AmphibianTELibrary/Genomes/Ranitomeya_imitator/Ranitomeya_imitator_headers.fna
    output: /user/brussel/109/vsc10945/home/scratch/AmphibianTELibrary/Genomes/Ranitomeya_imitator/Ranitomeya_imitator.denovo
    log: /user/brussel/109/vsc10945/home/scratch/AmphibianTELibrary/LOGS/edta/edta_Ranitomeya_imitator.log (check log file(s) for error details)
    shell:
        
        CDS=$(find /user/brussel/109/vsc10945/home/scratch/AmphibianTELibrary/Genomes/Ranitomeya_imitator -name '*cds*.fna' | head -1)
        cd /user/brussel/109/vsc10945/home/scratch/AmphibianTELibrary/Genomes/Ranitomeya_imitator
        PYTHONNOUSERSITE=1 apptainer exec /apps/brussel/containers/edta/EDTA-2.3.0--hdfd78af_0.sif bash -c             'export LC_ALL=C LANG=C LANGUAGE=C && unset -f which && EDTA.pl             --genome /user/brussel/109/vsc10945/home/scratch/AmphibianTELibrary/Genomes/Ranitomeya_imitator/Ranitomeya_imitator_headers.fna             --cds '"$CDS"'             --curatedlib /user/brussel/109/vsc10945/home/scratch/TE/Libraries/repbase/31/RepBase31.03.fasta/vrtrep.ref             --type tir             --overwrite 0             --sensitive 0             --anno 0             --evaluate 0             --threads 16 > /user/brussel/109/vsc10945/home/scratch/AmphibianTELibrary/Genomes/Ranitomeya_imitator/Ranitomeya_imitator.denovo' 2> /user/brussel/109/vsc10945/home/scratch/AmphibianTELibrary/LOGS/edta/edta_Ranitomeya_imitator.log
        
        (one of the commands exited with non-zero exit code; note that snakemake uses bash strict mode!)
    external_jobid: Submitted batch job 11919539

[Mon Apr 20 21:09:29 2026]
Error in rule edta_tir:
    message: For further error details see the cluster/cloud log and the log files of the involved rule(s).
    jobid: 39
    input: /user/brussel/109/vsc10945/home/scratch/AmphibianTELibrary/Genomes/Pelobates_cultripes/Pelobates_cultripes_headers.fna
    output: /user/brussel/109/vsc10945/home/scratch/AmphibianTELibrary/Genomes/Pelobates_cultripes/Pelobates_cultripes.denovo
    log: /user/brussel/109/vsc10945/home/scratch/AmphibianTELibrary/LOGS/edta/edta_Pelobates_cultripes.log (check log file(s) for error details)
    shell:
        
        CDS=$(find /user/brussel/109/vsc10945/home/scratch/AmphibianTELibrary/Genomes/Pelobates_cultripes -name '*cds*.fna' | head -1)
        cd /user/brussel/109/vsc10945/home/scratch/AmphibianTELibrary/Genomes/Pelobates_cultripes
        PYTHONNOUSERSITE=1 apptainer exec /apps/brussel/containers/edta/EDTA-2.3.0--hdfd78af_0.sif bash -c             'export LC_ALL=C LANG=C LANGUAGE=C && unset -f which && EDTA.pl             --genome /user/brussel/109/vsc10945/home/scratch/AmphibianTELibrary/Genomes/Pelobates_cultripes/Pelobates_cultripes_headers.fna             --cds '"$CDS"'             --curatedlib /user/brussel/109/vsc10945/home/scratch/TE/Libraries/repbase/31/RepBase31.03.fasta/vrtrep.ref             --type tir             --overwrite 0             --sensitive 0             --anno 0             --evaluate 0             --threads 16 > /user/brussel/109/vsc10945/home/scratch/AmphibianTELibrary/Genomes/Pelobates_cultripes/Pelobates_cultripes.denovo' 2> /user/brussel/109/vsc10945/home/scratch/AmphibianTELibrary/LOGS/edta/edta_Pelobates_cultripes.log
        
        (one of the commands exited with non-zero exit code; note that snakemake uses bash strict mode!)
    external_jobid: Submitted batch job 11919540

[Mon Apr 20 21:09:55 2026]
Error in rule edta_tir:
    message: For further error details see the cluster/cloud log and the log files of the involved rule(s).
    jobid: 69
    input: /user/brussel/109/vsc10945/home/scratch/AmphibianTELibrary/Genomes/Ptychadena_robeensis/Ptychadena_robeensis_headers.fna
    output: /user/brussel/109/vsc10945/home/scratch/AmphibianTELibrary/Genomes/Ptychadena_robeensis/Ptychadena_robeensis.denovo
    log: /user/brussel/109/vsc10945/home/scratch/AmphibianTELibrary/LOGS/edta/edta_Ptychadena_robeensis.log (check log file(s) for error details)
    shell:
        
        CDS=$(find /user/brussel/109/vsc10945/home/scratch/AmphibianTELibrary/Genomes/Ptychadena_robeensis -name '*cds*.fna' | head -1)
        cd /user/brussel/109/vsc10945/home/scratch/AmphibianTELibrary/Genomes/Ptychadena_robeensis
        PYTHONNOUSERSITE=1 apptainer exec /apps/brussel/containers/edta/EDTA-2.3.0--hdfd78af_0.sif bash -c             'export LC_ALL=C LANG=C LANGUAGE=C && unset -f which && EDTA.pl             --genome /user/brussel/109/vsc10945/home/scratch/AmphibianTELibrary/Genomes/Ptychadena_robeensis/Ptychadena_robeensis_headers.fna             --cds '"$CDS"'             --curatedlib /user/brussel/109/vsc10945/home/scratch/TE/Libraries/repbase/31/RepBase31.03.fasta/vrtrep.ref             --type tir             --overwrite 0             --sensitive 0             --anno 0             --evaluate 0             --threads 16 > /user/brussel/109/vsc10945/home/scratch/AmphibianTELibrary/Genomes/Ptychadena_robeensis/Ptychadena_robeensis.denovo' 2> /user/brussel/109/vsc10945/home/scratch/AmphibianTELibrary/LOGS/edta/edta_Ptychadena_robeensis.log
        
        (one of the commands exited with non-zero exit code; note that snakemake uses bash strict mode!)
    external_jobid: Submitted batch job 11919541

[Mon Apr 20 21:10:34 2026]
Error in rule edta_tir:
    message: For further error details see the cluster/cloud log and the log files of the involved rule(s).
    jobid: 99
    input: /user/brussel/109/vsc10945/home/scratch/AmphibianTELibrary/Genomes/Rana_muscosa/Rana_muscosa_headers.fna
    output: /user/brussel/109/vsc10945/home/scratch/AmphibianTELibrary/Genomes/Rana_muscosa/Rana_muscosa.denovo
    log: /user/brussel/109/vsc10945/home/scratch/AmphibianTELibrary/LOGS/edta/edta_Rana_muscosa.log (check log file(s) for error details)
    shell:
        
        CDS=$(find /user/brussel/109/vsc10945/home/scratch/AmphibianTELibrary/Genomes/Rana_muscosa -name '*cds*.fna' | head -1)
        cd /user/brussel/109/vsc10945/home/scratch/AmphibianTELibrary/Genomes/Rana_muscosa
        PYTHONNOUSERSITE=1 apptainer exec /apps/brussel/containers/edta/EDTA-2.3.0--hdfd78af_0.sif bash -c             'export LC_ALL=C LANG=C LANGUAGE=C && unset -f which && EDTA.pl             --genome /user/brussel/109/vsc10945/home/scratch/AmphibianTELibrary/Genomes/Rana_muscosa/Rana_muscosa_headers.fna             --cds '"$CDS"'             --curatedlib /user/brussel/109/vsc10945/home/scratch/TE/Libraries/repbase/31/RepBase31.03.fasta/vrtrep.ref             --type tir             --overwrite 0             --sensitive 0             --anno 0             --evaluate 0             --threads 16 > /user/brussel/109/vsc10945/home/scratch/AmphibianTELibrary/Genomes/Rana_muscosa/Rana_muscosa.denovo' 2> /user/brussel/109/vsc10945/home/scratch/AmphibianTELibrary/LOGS/edta/edta_Rana_muscosa.log
        
        (one of the commands exited with non-zero exit code; note that snakemake uses bash strict mode!)
    external_jobid: Submitted batch job 11919542

[Mon Apr 20 21:11:00 2026]
Error in rule edta_tir:
    message: For further error details see the cluster/cloud log and the log files of the involved rule(s).
    jobid: 11
    input: /user/brussel/109/vsc10945/home/scratch/AmphibianTELibrary/Genomes/Gastrophryne_carolinensis/Gastrophryne_carolinensis_headers.fna
    output: /user/brussel/109/vsc10945/home/scratch/AmphibianTELibrary/Genomes/Gastrophryne_carolinensis/Gastrophryne_carolinensis.denovo
    log: /user/brussel/109/vsc10945/home/scratch/AmphibianTELibrary/LOGS/edta/edta_Gastrophryne_carolinensis.log (check log file(s) for error details)
    shell:
        
        CDS=$(find /user/brussel/109/vsc10945/home/scratch/AmphibianTELibrary/Genomes/Gastrophryne_carolinensis -name '*cds*.fna' | head -1)
        cd /user/brussel/109/vsc10945/home/scratch/AmphibianTELibrary/Genomes/Gastrophryne_carolinensis
        PYTHONNOUSERSITE=1 apptainer exec /apps/brussel/containers/edta/EDTA-2.3.0--hdfd78af_0.sif bash -c             'export LC_ALL=C LANG=C LANGUAGE=C && unset -f which && EDTA.pl             --genome /user/brussel/109/vsc10945/home/scratch/AmphibianTELibrary/Genomes/Gastrophryne_carolinensis/Gastrophryne_carolinensis_headers.fna             --cds '"$CDS"'             --curatedlib /user/brussel/109/vsc10945/home/scratch/TE/Libraries/repbase/31/RepBase31.03.fasta/vrtrep.ref             --type tir             --overwrite 0             --sensitive 0             --anno 0             --evaluate 0             --threads 16 > /user/brussel/109/vsc10945/home/scratch/AmphibianTELibrary/Genomes/Gastrophryne_carolinensis/Gastrophryne_carolinensis.denovo' 2> /user/brussel/109/vsc10945/home/scratch/AmphibianTELibrary/LOGS/edta/edta_Gastrophryne_carolinensis.log
        
        (one of the commands exited with non-zero exit code; note that snakemake uses bash strict mode!)
    external_jobid: Submitted batch job 11919543

[Mon Apr 20 21:11:26 2026]
Error in rule edta_tir:
    message: For further error details see the cluster/cloud log and the log files of the involved rule(s).
    jobid: 41
    input: /user/brussel/109/vsc10945/home/scratch/AmphibianTELibrary/Genomes/Leptobrachium_leishanense/Leptobrachium_leishanense_headers.fna
    output: /user/brussel/109/vsc10945/home/scratch/AmphibianTELibrary/Genomes/Leptobrachium_leishanense/Leptobrachium_leishanense.denovo
    log: /user/brussel/109/vsc10945/home/scratch/AmphibianTELibrary/LOGS/edta/edta_Leptobrachium_leishanense.log (check log file(s) for error details)
    shell:
        
        CDS=$(find /user/brussel/109/vsc10945/home/scratch/AmphibianTELibrary/Genomes/Leptobrachium_leishanense -name '*cds*.fna' | head -1)
        cd /user/brussel/109/vsc10945/home/scratch/AmphibianTELibrary/Genomes/Leptobrachium_leishanense
        PYTHONNOUSERSITE=1 apptainer exec /apps/brussel/containers/edta/EDTA-2.3.0--hdfd78af_0.sif bash -c             'export LC_ALL=C LANG=C LANGUAGE=C && unset -f which && EDTA.pl             --genome /user/brussel/109/vsc10945/home/scratch/AmphibianTELibrary/Genomes/Leptobrachium_leishanense/Leptobrachium_leishanense_headers.fna             --cds '"$CDS"'             --curatedlib /user/brussel/109/vsc10945/home/scratch/TE/Libraries/repbase/31/RepBase31.03.fasta/vrtrep.ref             --type tir             --overwrite 0             --sensitive 0             --anno 0             --evaluate 0             --threads 16 > /user/brussel/109/vsc10945/home/scratch/AmphibianTELibrary/Genomes/Leptobrachium_leishanense/Leptobrachium_leishanense.denovo' 2> /user/brussel/109/vsc10945/home/scratch/AmphibianTELibrary/LOGS/edta/edta_Leptobrachium_leishanense.log
        
        (one of the commands exited with non-zero exit code; note that snakemake uses bash strict mode!)
    external_jobid: Submitted batch job 11919544

[Mon Apr 20 21:12:05 2026]
Error in rule edta_tir:
    message: For further error details see the cluster/cloud log and the log files of the involved rule(s).
    jobid: 71
    input: /user/brussel/109/vsc10945/home/scratch/AmphibianTELibrary/Genomes/Rhinatrema_bivittatum/Rhinatrema_bivittatum_headers.fna
    output: /user/brussel/109/vsc10945/home/scratch/AmphibianTELibrary/Genomes/Rhinatrema_bivittatum/Rhinatrema_bivittatum.denovo
    log: /user/brussel/109/vsc10945/home/scratch/AmphibianTELibrary/LOGS/edta/edta_Rhinatrema_bivittatum.log (check log file(s) for error details)
    shell:
        
        CDS=$(find /user/brussel/109/vsc10945/home/scratch/AmphibianTELibrary/Genomes/Rhinatrema_bivittatum -name '*cds*.fna' | head -1)
        cd /user/brussel/109/vsc10945/home/scratch/AmphibianTELibrary/Genomes/Rhinatrema_bivittatum
        PYTHONNOUSERSITE=1 apptainer exec /apps/brussel/containers/edta/EDTA-2.3.0--hdfd78af_0.sif bash -c             'export LC_ALL=C LANG=C LANGUAGE=C && unset -f which && EDTA.pl             --genome /user/brussel/109/vsc10945/home/scratch/AmphibianTELibrary/Genomes/Rhinatrema_bivittatum/Rhinatrema_bivittatum_headers.fna             --cds '"$CDS"'             --curatedlib /user/brussel/109/vsc10945/home/scratch/TE/Libraries/repbase/31/RepBase31.03.fasta/vrtrep.ref             --type tir             --overwrite 0             --sensitive 0             --anno 0             --evaluate 0             --threads 16 > /user/brussel/109/vsc10945/home/scratch/AmphibianTELibrary/Genomes/Rhinatrema_bivittatum/Rhinatrema_bivittatum.denovo' 2> /user/brussel/109/vsc10945/home/scratch/AmphibianTELibrary/LOGS/edta/edta_Rhinatrema_bivittatum.log
        
        (one of the commands exited with non-zero exit code; note that snakemake uses bash strict mode!)
    external_jobid: Submitted batch job 11919545

[Mon Apr 20 21:12:31 2026]
Error in rule edta_tir:
    message: For further error details see the cluster/cloud log and the log files of the involved rule(s).
    jobid: 101
    input: /user/brussel/109/vsc10945/home/scratch/AmphibianTELibrary/Genomes/Pelodytes_ibericus/Pelodytes_ibericus_headers.fna
    output: /user/brussel/109/vsc10945/home/scratch/AmphibianTELibrary/Genomes/Pelodytes_ibericus/Pelodytes_ibericus.denovo
    log: /user/brussel/109/vsc10945/home/scratch/AmphibianTELibrary/LOGS/edta/edta_Pelodytes_ibericus.log (check log file(s) for error details)
    shell:
        
        CDS=$(find /user/brussel/109/vsc10945/home/scratch/AmphibianTELibrary/Genomes/Pelodytes_ibericus -name '*cds*.fna' | head -1)
        cd /user/brussel/109/vsc10945/home/scratch/AmphibianTELibrary/Genomes/Pelodytes_ibericus
        PYTHONNOUSERSITE=1 apptainer exec /apps/brussel/containers/edta/EDTA-2.3.0--hdfd78af_0.sif bash -c             'export LC_ALL=C LANG=C LANGUAGE=C && unset -f which && EDTA.pl             --genome /user/brussel/109/vsc10945/home/scratch/AmphibianTELibrary/Genomes/Pelodytes_ibericus/Pelodytes_ibericus_headers.fna             --cds '"$CDS"'             --curatedlib /user/brussel/109/vsc10945/home/scratch/TE/Libraries/repbase/31/RepBase31.03.fasta/vrtrep.ref             --type tir             --overwrite 0             --sensitive 0             --anno 0             --evaluate 0             --threads 16 > /user/brussel/109/vsc10945/home/scratch/AmphibianTELibrary/Genomes/Pelodytes_ibericus/Pelodytes_ibericus.denovo' 2> /user/brussel/109/vsc10945/home/scratch/AmphibianTELibrary/LOGS/edta/edta_Pelodytes_ibericus.log
        
        (one of the commands exited with non-zero exit code; note that snakemake uses bash strict mode!)
    external_jobid: Submitted batch job 11919546

[Mon Apr 20 21:13:10 2026]
Error in rule edta_tir:
    message: For further error details see the cluster/cloud log and the log files of the involved rule(s).
    jobid: 27
    input: /user/brussel/109/vsc10945/home/scratch/AmphibianTELibrary/Genomes/Rana_kukunoris/Rana_kukunoris_headers.fna
    output: /user/brussel/109/vsc10945/home/scratch/AmphibianTELibrary/Genomes/Rana_kukunoris/Rana_kukunoris.denovo
    log: /user/brussel/109/vsc10945/home/scratch/AmphibianTELibrary/LOGS/edta/edta_Rana_kukunoris.log (check log file(s) for error details)
    shell:
        
        CDS=$(find /user/brussel/109/vsc10945/home/scratch/AmphibianTELibrary/Genomes/Rana_kukunoris -name '*cds*.fna' | head -1)
        cd /user/brussel/109/vsc10945/home/scratch/AmphibianTELibrary/Genomes/Rana_kukunoris
        PYTHONNOUSERSITE=1 apptainer exec /apps/brussel/containers/edta/EDTA-2.3.0--hdfd78af_0.sif bash -c             'export LC_ALL=C LANG=C LANGUAGE=C && unset -f which && EDTA.pl             --genome /user/brussel/109/vsc10945/home/scratch/AmphibianTELibrary/Genomes/Rana_kukunoris/Rana_kukunoris_headers.fna             --cds '"$CDS"'             --curatedlib /user/brussel/109/vsc10945/home/scratch/TE/Libraries/repbase/31/RepBase31.03.fasta/vrtrep.ref             --type tir             --overwrite 0             --sensitive 0             --anno 0             --evaluate 0             --threads 16 > /user/brussel/109/vsc10945/home/scratch/AmphibianTELibrary/Genomes/Rana_kukunoris/Rana_kukunoris.denovo' 2> /user/brussel/109/vsc10945/home/scratch/AmphibianTELibrary/LOGS/edta/edta_Rana_kukunoris.log
        
        (one of the commands exited with non-zero exit code; note that snakemake uses bash strict mode!)
    external_jobid: Submitted batch job 11919547

[Mon Apr 20 21:13:35 2026]
Error in rule edta_tir:
    message: For further error details see the cluster/cloud log and the log files of the involved rule(s).
    jobid: 13
    input: /user/brussel/109/vsc10945/home/scratch/AmphibianTELibrary/Genomes/Mantella_aurantiaca/Mantella_aurantiaca_headers.fna
    output: /user/brussel/109/vsc10945/home/scratch/AmphibianTELibrary/Genomes/Mantella_aurantiaca/Mantella_aurantiaca.denovo
    log: /user/brussel/109/vsc10945/home/scratch/AmphibianTELibrary/LOGS/edta/edta_Mantella_aurantiaca.log (check log file(s) for error details)
    shell:
        
        CDS=$(find /user/brussel/109/vsc10945/home/scratch/AmphibianTELibrary/Genomes/Mantella_aurantiaca -name '*cds*.fna' | head -1)
        cd /user/brussel/109/vsc10945/home/scratch/AmphibianTELibrary/Genomes/Mantella_aurantiaca
        PYTHONNOUSERSITE=1 apptainer exec /apps/brussel/containers/edta/EDTA-2.3.0--hdfd78af_0.sif bash -c             'export LC_ALL=C LANG=C LANGUAGE=C && unset -f which && EDTA.pl             --genome /user/brussel/109/vsc10945/home/scratch/AmphibianTELibrary/Genomes/Mantella_aurantiaca/Mantella_aurantiaca_headers.fna             --cds '"$CDS"'             --curatedlib /user/brussel/109/vsc10945/home/scratch/TE/Libraries/repbase/31/RepBase31.03.fasta/vrtrep.ref             --type tir             --overwrite 0             --sensitive 0             --anno 0             --evaluate 0             --threads 16 > /user/brussel/109/vsc10945/home/scratch/AmphibianTELibrary/Genomes/Mantella_aurantiaca/Mantella_aurantiaca.denovo' 2> /user/brussel/109/vsc10945/home/scratch/AmphibianTELibrary/LOGS/edta/edta_Mantella_aurantiaca.log
        
        (one of the commands exited with non-zero exit code; note that snakemake uses bash strict mode!)
    external_jobid: Submitted batch job 11919548

[Mon Apr 20 21:14:11 2026]
Error in rule edta_tir:
    message: For further error details see the cluster/cloud log and the log files of the involved rule(s).
    jobid: 43
    input: /user/brussel/109/vsc10945/home/scratch/AmphibianTELibrary/Genomes/Xenopus_laevis/Xenopus_laevis_headers.fna
    output: /user/brussel/109/vsc10945/home/scratch/AmphibianTELibrary/Genomes/Xenopus_laevis/Xenopus_laevis.denovo
    log: /user/brussel/109/vsc10945/home/scratch/AmphibianTELibrary/LOGS/edta/edta_Xenopus_laevis.log (check log file(s) for error details)
    shell:
        
        CDS=$(find /user/brussel/109/vsc10945/home/scratch/AmphibianTELibrary/Genomes/Xenopus_laevis -name '*cds*.fna' | head -1)
        cd /user/brussel/109/vsc10945/home/scratch/AmphibianTELibrary/Genomes/Xenopus_laevis
        PYTHONNOUSERSITE=1 apptainer exec /apps/brussel/containers/edta/EDTA-2.3.0--hdfd78af_0.sif bash -c             'export LC_ALL=C LANG=C LANGUAGE=C && unset -f which && EDTA.pl             --genome /user/brussel/109/vsc10945/home/scratch/AmphibianTELibrary/Genomes/Xenopus_laevis/Xenopus_laevis_headers.fna             --cds '"$CDS"'             --curatedlib /user/brussel/109/vsc10945/home/scratch/TE/Libraries/repbase/31/RepBase31.03.fasta/vrtrep.ref             --type tir             --overwrite 0             --sensitive 0             --anno 0             --evaluate 0             --threads 16 > /user/brussel/109/vsc10945/home/scratch/AmphibianTELibrary/Genomes/Xenopus_laevis/Xenopus_laevis.denovo' 2> /user/brussel/109/vsc10945/home/scratch/AmphibianTELibrary/LOGS/edta/edta_Xenopus_laevis.log
        
        (one of the commands exited with non-zero exit code; note that snakemake uses bash strict mode!)
    external_jobid: Submitted batch job 11919549

[Mon Apr 20 21:14:47 2026]
Error in rule edta_tir:
    message: For further error details see the cluster/cloud log and the log files of the involved rule(s).
    jobid: 73
    input: /user/brussel/109/vsc10945/home/scratch/AmphibianTELibrary/Genomes/Microcaecilia_unicolor/Microcaecilia_unicolor_headers.fna
    output: /user/brussel/109/vsc10945/home/scratch/AmphibianTELibrary/Genomes/Microcaecilia_unicolor/Microcaecilia_unicolor.denovo
    log: /user/brussel/109/vsc10945/home/scratch/AmphibianTELibrary/LOGS/edta/edta_Microcaecilia_unicolor.log (check log file(s) for error details)
    shell:
        
        CDS=$(find /user/brussel/109/vsc10945/home/scratch/AmphibianTELibrary/Genomes/Microcaecilia_unicolor -name '*cds*.fna' | head -1)
        cd /user/brussel/109/vsc10945/home/scratch/AmphibianTELibrary/Genomes/Microcaecilia_unicolor
        PYTHONNOUSERSITE=1 apptainer exec /apps/brussel/containers/edta/EDTA-2.3.0--hdfd78af_0.sif bash -c             'export LC_ALL=C LANG=C LANGUAGE=C && unset -f which && EDTA.pl             --genome /user/brussel/109/vsc10945/home/scratch/AmphibianTELibrary/Genomes/Microcaecilia_unicolor/Microcaecilia_unicolor_headers.fna             --cds '"$CDS"'             --curatedlib /user/brussel/109/vsc10945/home/scratch/TE/Libraries/repbase/31/RepBase31.03.fasta/vrtrep.ref             --type tir             --overwrite 0             --sensitive 0             --anno 0             --evaluate 0             --threads 16 > /user/brussel/109/vsc10945/home/scratch/AmphibianTELibrary/Genomes/Microcaecilia_unicolor/Microcaecilia_unicolor.denovo' 2> /user/brussel/109/vsc10945/home/scratch/AmphibianTELibrary/LOGS/edta/edta_Microcaecilia_unicolor.log
        
        (one of the commands exited with non-zero exit code; note that snakemake uses bash strict mode!)
    external_jobid: Submitted batch job 11919550

[Mon Apr 20 21:15:11 2026]
Error in rule edta_tir:
    message: For further error details see the cluster/cloud log and the log files of the involved rule(s).
    jobid: 103
    input: /user/brussel/109/vsc10945/home/scratch/AmphibianTELibrary/Genomes/Hymenochirus_boettgeri/Hymenochirus_boettgeri_headers.fna
    output: /user/brussel/109/vsc10945/home/scratch/AmphibianTELibrary/Genomes/Hymenochirus_boettgeri/Hymenochirus_boettgeri.denovo
    log: /user/brussel/109/vsc10945/home/scratch/AmphibianTELibrary/LOGS/edta/edta_Hymenochirus_boettgeri.log (check log file(s) for error details)
    shell:
        
        CDS=$(find /user/brussel/109/vsc10945/home/scratch/AmphibianTELibrary/Genomes/Hymenochirus_boettgeri -name '*cds*.fna' | head -1)
        cd /user/brussel/109/vsc10945/home/scratch/AmphibianTELibrary/Genomes/Hymenochirus_boettgeri
        PYTHONNOUSERSITE=1 apptainer exec /apps/brussel/containers/edta/EDTA-2.3.0--hdfd78af_0.sif bash -c             'export LC_ALL=C LANG=C LANGUAGE=C && unset -f which && EDTA.pl             --genome /user/brussel/109/vsc10945/home/scratch/AmphibianTELibrary/Genomes/Hymenochirus_boettgeri/Hymenochirus_boettgeri_headers.fna             --cds '"$CDS"'             --curatedlib /user/brussel/109/vsc10945/home/scratch/TE/Libraries/repbase/31/RepBase31.03.fasta/vrtrep.ref             --type tir             --overwrite 0             --sensitive 0             --anno 0             --evaluate 0             --threads 16 > /user/brussel/109/vsc10945/home/scratch/AmphibianTELibrary/Genomes/Hymenochirus_boettgeri/Hymenochirus_boettgeri.denovo' 2> /user/brussel/109/vsc10945/home/scratch/AmphibianTELibrary/LOGS/edta/edta_Hymenochirus_boettgeri.log
        
        (one of the commands exited with non-zero exit code; note that snakemake uses bash strict mode!)
    external_jobid: Submitted batch job 11919551

[Mon Apr 20 21:15:47 2026]
Error in rule edta_tir:
    message: For further error details see the cluster/cloud log and the log files of the involved rule(s).
    jobid: 15
    input: /user/brussel/109/vsc10945/home/scratch/AmphibianTELibrary/Genomes/Pyxicephalus_adspersus/Pyxicephalus_adspersus_headers.fna
    output: /user/brussel/109/vsc10945/home/scratch/AmphibianTELibrary/Genomes/Pyxicephalus_adspersus/Pyxicephalus_adspersus.denovo
    log: /user/brussel/109/vsc10945/home/scratch/AmphibianTELibrary/LOGS/edta/edta_Pyxicephalus_adspersus.log (check log file(s) for error details)
    shell:
        
        CDS=$(find /user/brussel/109/vsc10945/home/scratch/AmphibianTELibrary/Genomes/Pyxicephalus_adspersus -name '*cds*.fna' | head -1)
        cd /user/brussel/109/vsc10945/home/scratch/AmphibianTELibrary/Genomes/Pyxicephalus_adspersus
        PYTHONNOUSERSITE=1 apptainer exec /apps/brussel/containers/edta/EDTA-2.3.0--hdfd78af_0.sif bash -c             'export LC_ALL=C LANG=C LANGUAGE=C && unset -f which && EDTA.pl             --genome /user/brussel/109/vsc10945/home/scratch/AmphibianTELibrary/Genomes/Pyxicephalus_adspersus/Pyxicephalus_adspersus_headers.fna             --cds '"$CDS"'             --curatedlib /user/brussel/109/vsc10945/home/scratch/TE/Libraries/repbase/31/RepBase31.03.fasta/vrtrep.ref             --type tir             --overwrite 0             --sensitive 0             --anno 0             --evaluate 0             --threads 16 > /user/brussel/109/vsc10945/home/scratch/AmphibianTELibrary/Genomes/Pyxicephalus_adspersus/Pyxicephalus_adspersus.denovo' 2> /user/brussel/109/vsc10945/home/scratch/AmphibianTELibrary/LOGS/edta/edta_Pyxicephalus_adspersus.log
        
        (one of the commands exited with non-zero exit code; note that snakemake uses bash strict mode!)
    external_jobid: Submitted batch job 11919552

[Mon Apr 20 21:16:11 2026]
Error in rule edta_tir:
    message: For further error details see the cluster/cloud log and the log files of the involved rule(s).
    jobid: 45
    input: /user/brussel/109/vsc10945/home/scratch/AmphibianTELibrary/Genomes/Rhinophrynus_dorsalis/Rhinophrynus_dorsalis_headers.fna
    output: /user/brussel/109/vsc10945/home/scratch/AmphibianTELibrary/Genomes/Rhinophrynus_dorsalis/Rhinophrynus_dorsalis.denovo
    log: /user/brussel/109/vsc10945/home/scratch/AmphibianTELibrary/LOGS/edta/edta_Rhinophrynus_dorsalis.log (check log file(s) for error details)
    shell:
        
        CDS=$(find /user/brussel/109/vsc10945/home/scratch/AmphibianTELibrary/Genomes/Rhinophrynus_dorsalis -name '*cds*.fna' | head -1)
        cd /user/brussel/109/vsc10945/home/scratch/AmphibianTELibrary/Genomes/Rhinophrynus_dorsalis
        PYTHONNOUSERSITE=1 apptainer exec /apps/brussel/containers/edta/EDTA-2.3.0--hdfd78af_0.sif bash -c             'export LC_ALL=C LANG=C LANGUAGE=C && unset -f which && EDTA.pl             --genome /user/brussel/109/vsc10945/home/scratch/AmphibianTELibrary/Genomes/Rhinophrynus_dorsalis/Rhinophrynus_dorsalis_headers.fna             --cds '"$CDS"'             --curatedlib /user/brussel/109/vsc10945/home/scratch/TE/Libraries/repbase/31/RepBase31.03.fasta/vrtrep.ref             --type tir             --overwrite 0             --sensitive 0             --anno 0             --evaluate 0             --threads 16 > /user/brussel/109/vsc10945/home/scratch/AmphibianTELibrary/Genomes/Rhinophrynus_dorsalis/Rhinophrynus_dorsalis.denovo' 2> /user/brussel/109/vsc10945/home/scratch/AmphibianTELibrary/LOGS/edta/edta_Rhinophrynus_dorsalis.log
        
        (one of the commands exited with non-zero exit code; note that snakemake uses bash strict mode!)
    external_jobid: Submitted batch job 11919553

[Mon Apr 20 21:16:47 2026]
Error in rule edta_tir:
    message: For further error details see the cluster/cloud log and the log files of the involved rule(s).
    jobid: 75
    input: /user/brussel/109/vsc10945/home/scratch/AmphibianTELibrary/Genomes/Pseudacris_triseriata/Pseudacris_triseriata_headers.fna
    output: /user/brussel/109/vsc10945/home/scratch/AmphibianTELibrary/Genomes/Pseudacris_triseriata/Pseudacris_triseriata.denovo
    log: /user/brussel/109/vsc10945/home/scratch/AmphibianTELibrary/LOGS/edta/edta_Pseudacris_triseriata.log (check log file(s) for error details)
    shell:
        
        CDS=$(find /user/brussel/109/vsc10945/home/scratch/AmphibianTELibrary/Genomes/Pseudacris_triseriata -name '*cds*.fna' | head -1)
        cd /user/brussel/109/vsc10945/home/scratch/AmphibianTELibrary/Genomes/Pseudacris_triseriata
        PYTHONNOUSERSITE=1 apptainer exec /apps/brussel/containers/edta/EDTA-2.3.0--hdfd78af_0.sif bash -c             'export LC_ALL=C LANG=C LANGUAGE=C && unset -f which && EDTA.pl             --genome /user/brussel/109/vsc10945/home/scratch/AmphibianTELibrary/Genomes/Pseudacris_triseriata/Pseudacris_triseriata_headers.fna             --cds '"$CDS"'             --curatedlib /user/brussel/109/vsc10945/home/scratch/TE/Libraries/repbase/31/RepBase31.03.fasta/vrtrep.ref             --type tir             --overwrite 0             --sensitive 0             --anno 0             --evaluate 0             --threads 16 > /user/brussel/109/vsc10945/home/scratch/AmphibianTELibrary/Genomes/Pseudacris_triseriata/Pseudacris_triseriata.denovo' 2> /user/brussel/109/vsc10945/home/scratch/AmphibianTELibrary/LOGS/edta/edta_Pseudacris_triseriata.log
        
        (one of the commands exited with non-zero exit code; note that snakemake uses bash strict mode!)
    external_jobid: Submitted batch job 11919554

[Mon Apr 20 21:17:23 2026]
Error in rule edta_tir:
    message: For further error details see the cluster/cloud log and the log files of the involved rule(s).
    jobid: 105
    input: /user/brussel/109/vsc10945/home/scratch/AmphibianTELibrary/Genomes/Bufo_bufo/Bufo_bufo_headers.fna
    output: /user/brussel/109/vsc10945/home/scratch/AmphibianTELibrary/Genomes/Bufo_bufo/Bufo_bufo.denovo
    log: /user/brussel/109/vsc10945/home/scratch/AmphibianTELibrary/LOGS/edta/edta_Bufo_bufo.log (check log file(s) for error details)
    shell:
        
        CDS=$(find /user/brussel/109/vsc10945/home/scratch/AmphibianTELibrary/Genomes/Bufo_bufo -name '*cds*.fna' | head -1)
        cd /user/brussel/109/vsc10945/home/scratch/AmphibianTELibrary/Genomes/Bufo_bufo
        PYTHONNOUSERSITE=1 apptainer exec /apps/brussel/containers/edta/EDTA-2.3.0--hdfd78af_0.sif bash -c             'export LC_ALL=C LANG=C LANGUAGE=C && unset -f which && EDTA.pl             --genome /user/brussel/109/vsc10945/home/scratch/AmphibianTELibrary/Genomes/Bufo_bufo/Bufo_bufo_headers.fna             --cds '"$CDS"'             --curatedlib /user/brussel/109/vsc10945/home/scratch/TE/Libraries/repbase/31/RepBase31.03.fasta/vrtrep.ref             --type tir             --overwrite 0             --sensitive 0             --anno 0             --evaluate 0             --threads 16 > /user/brussel/109/vsc10945/home/scratch/AmphibianTELibrary/Genomes/Bufo_bufo/Bufo_bufo.denovo' 2> /user/brussel/109/vsc10945/home/scratch/AmphibianTELibrary/LOGS/edta/edta_Bufo_bufo.log
        
        (one of the commands exited with non-zero exit code; note that snakemake uses bash strict mode!)
    external_jobid: Submitted batch job 11919555

[Mon Apr 20 21:17:47 2026]
Error in rule edta_tir:
    message: For further error details see the cluster/cloud log and the log files of the involved rule(s).
    jobid: 17
    input: /user/brussel/109/vsc10945/home/scratch/AmphibianTELibrary/Genomes/Leptobrachium_ailaonicum/Leptobrachium_ailaonicum_headers.fna
    output: /user/brussel/109/vsc10945/home/scratch/AmphibianTELibrary/Genomes/Leptobrachium_ailaonicum/Leptobrachium_ailaonicum.denovo
    log: /user/brussel/109/vsc10945/home/scratch/AmphibianTELibrary/LOGS/edta/edta_Leptobrachium_ailaonicum.log (check log file(s) for error details)
    shell:
        
        CDS=$(find /user/brussel/109/vsc10945/home/scratch/AmphibianTELibrary/Genomes/Leptobrachium_ailaonicum -name '*cds*.fna' | head -1)
        cd /user/brussel/109/vsc10945/home/scratch/AmphibianTELibrary/Genomes/Leptobrachium_ailaonicum
        PYTHONNOUSERSITE=1 apptainer exec /apps/brussel/containers/edta/EDTA-2.3.0--hdfd78af_0.sif bash -c             'export LC_ALL=C LANG=C LANGUAGE=C && unset -f which && EDTA.pl             --genome /user/brussel/109/vsc10945/home/scratch/AmphibianTELibrary/Genomes/Leptobrachium_ailaonicum/Leptobrachium_ailaonicum_headers.fna             --cds '"$CDS"'             --curatedlib /user/brussel/109/vsc10945/home/scratch/TE/Libraries/repbase/31/RepBase31.03.fasta/vrtrep.ref             --type tir             --overwrite 0             --sensitive 0             --anno 0             --evaluate 0             --threads 16 > /user/brussel/109/vsc10945/home/scratch/AmphibianTELibrary/Genomes/Leptobrachium_ailaonicum/Leptobrachium_ailaonicum.denovo' 2> /user/brussel/109/vsc10945/home/scratch/AmphibianTELibrary/LOGS/edta/edta_Leptobrachium_ailaonicum.log
        
        (one of the commands exited with non-zero exit code; note that snakemake uses bash strict mode!)
    external_jobid: Submitted batch job 11919556

[Mon Apr 20 21:18:23 2026]
Error in rule edta_tir:
    message: For further error details see the cluster/cloud log and the log files of the involved rule(s).
    jobid: 47
    input: /user/brussel/109/vsc10945/home/scratch/AmphibianTELibrary/Genomes/Rana_chensinensis/Rana_chensinensis_headers.fna
    output: /user/brussel/109/vsc10945/home/scratch/AmphibianTELibrary/Genomes/Rana_chensinensis/Rana_chensinensis.denovo
    log: /user/brussel/109/vsc10945/home/scratch/AmphibianTELibrary/LOGS/edta/edta_Rana_chensinensis.log (check log file(s) for error details)
    shell:
        
        CDS=$(find /user/brussel/109/vsc10945/home/scratch/AmphibianTELibrary/Genomes/Rana_chensinensis -name '*cds*.fna' | head -1)
        cd /user/brussel/109/vsc10945/home/scratch/AmphibianTELibrary/Genomes/Rana_chensinensis
        PYTHONNOUSERSITE=1 apptainer exec /apps/brussel/containers/edta/EDTA-2.3.0--hdfd78af_0.sif bash -c             'export LC_ALL=C LANG=C LANGUAGE=C && unset -f which && EDTA.pl             --genome /user/brussel/109/vsc10945/home/scratch/AmphibianTELibrary/Genomes/Rana_chensinensis/Rana_chensinensis_headers.fna             --cds '"$CDS"'             --curatedlib /user/brussel/109/vsc10945/home/scratch/TE/Libraries/repbase/31/RepBase31.03.fasta/vrtrep.ref             --type tir             --overwrite 0             --sensitive 0             --anno 0             --evaluate 0             --threads 16 > /user/brussel/109/vsc10945/home/scratch/AmphibianTELibrary/Genomes/Rana_chensinensis/Rana_chensinensis.denovo' 2> /user/brussel/109/vsc10945/home/scratch/AmphibianTELibrary/LOGS/edta/edta_Rana_chensinensis.log
        
        (one of the commands exited with non-zero exit code; note that snakemake uses bash strict mode!)
    external_jobid: Submitted batch job 11919557

[Mon Apr 20 21:18:57 2026]
Error in rule edta_tir:
    message: For further error details see the cluster/cloud log and the log files of the involved rule(s).
    jobid: 77
    input: /user/brussel/109/vsc10945/home/scratch/AmphibianTELibrary/Genomes/Lithobates_pipiens/Lithobates_pipiens_headers.fna
    output: /user/brussel/109/vsc10945/home/scratch/AmphibianTELibrary/Genomes/Lithobates_pipiens/Lithobates_pipiens.denovo
    log: /user/brussel/109/vsc10945/home/scratch/AmphibianTELibrary/LOGS/edta/edta_Lithobates_pipiens.log (check log file(s) for error details)
    shell:
        
        CDS=$(find /user/brussel/109/vsc10945/home/scratch/AmphibianTELibrary/Genomes/Lithobates_pipiens -name '*cds*.fna' | head -1)
        cd /user/brussel/109/vsc10945/home/scratch/AmphibianTELibrary/Genomes/Lithobates_pipiens
        PYTHONNOUSERSITE=1 apptainer exec /apps/brussel/containers/edta/EDTA-2.3.0--hdfd78af_0.sif bash -c             'export LC_ALL=C LANG=C LANGUAGE=C && unset -f which && EDTA.pl             --genome /user/brussel/109/vsc10945/home/scratch/AmphibianTELibrary/Genomes/Lithobates_pipiens/Lithobates_pipiens_headers.fna             --cds '"$CDS"'             --curatedlib /user/brussel/109/vsc10945/home/scratch/TE/Libraries/repbase/31/RepBase31.03.fasta/vrtrep.ref             --type tir             --overwrite 0             --sensitive 0             --anno 0             --evaluate 0             --threads 16 > /user/brussel/109/vsc10945/home/scratch/AmphibianTELibrary/Genomes/Lithobates_pipiens/Lithobates_pipiens.denovo' 2> /user/brussel/109/vsc10945/home/scratch/AmphibianTELibrary/LOGS/edta/edta_Lithobates_pipiens.log
        
        (one of the commands exited with non-zero exit code; note that snakemake uses bash strict mode!)
    external_jobid: Submitted batch job 11919558

[Mon Apr 20 21:19:30 2026]
Error in rule edta_tir:
    message: For further error details see the cluster/cloud log and the log files of the involved rule(s).
    jobid: 107
    input: /user/brussel/109/vsc10945/home/scratch/AmphibianTELibrary/Genomes/Aquarana_catesbeiana/Aquarana_catesbeiana_headers.fna
    output: /user/brussel/109/vsc10945/home/scratch/AmphibianTELibrary/Genomes/Aquarana_catesbeiana/Aquarana_catesbeiana.denovo
    log: /user/brussel/109/vsc10945/home/scratch/AmphibianTELibrary/LOGS/edta/edta_Aquarana_catesbeiana.log (check log file(s) for error details)
    shell:
        
        CDS=$(find /user/brussel/109/vsc10945/home/scratch/AmphibianTELibrary/Genomes/Aquarana_catesbeiana -name '*cds*.fna' | head -1)
        cd /user/brussel/109/vsc10945/home/scratch/AmphibianTELibrary/Genomes/Aquarana_catesbeiana
        PYTHONNOUSERSITE=1 apptainer exec /apps/brussel/containers/edta/EDTA-2.3.0--hdfd78af_0.sif bash -c             'export LC_ALL=C LANG=C LANGUAGE=C && unset -f which && EDTA.pl             --genome /user/brussel/109/vsc10945/home/scratch/AmphibianTELibrary/Genomes/Aquarana_catesbeiana/Aquarana_catesbeiana_headers.fna             --cds '"$CDS"'             --curatedlib /user/brussel/109/vsc10945/home/scratch/TE/Libraries/repbase/31/RepBase31.03.fasta/vrtrep.ref             --type tir             --overwrite 0             --sensitive 0             --anno 0             --evaluate 0             --threads 16 > /user/brussel/109/vsc10945/home/scratch/AmphibianTELibrary/Genomes/Aquarana_catesbeiana/Aquarana_catesbeiana.denovo' 2> /user/brussel/109/vsc10945/home/scratch/AmphibianTELibrary/LOGS/edta/edta_Aquarana_catesbeiana.log
        
        (one of the commands exited with non-zero exit code; note that snakemake uses bash strict mode!)
    external_jobid: Submitted batch job 11919559

[Mon Apr 20 21:20:04 2026]
Error in rule edta_tir:
    message: For further error details see the cluster/cloud log and the log files of the involved rule(s).
    jobid: 57
    input: /user/brussel/109/vsc10945/home/scratch/AmphibianTELibrary/Genomes/Triturus_cristatus/Triturus_cristatus_headers.fna
    output: /user/brussel/109/vsc10945/home/scratch/AmphibianTELibrary/Genomes/Triturus_cristatus/Triturus_cristatus.denovo
    log: /user/brussel/109/vsc10945/home/scratch/AmphibianTELibrary/LOGS/edta/edta_Triturus_cristatus.log (check log file(s) for error details)
    shell:
        
        CDS=$(find /user/brussel/109/vsc10945/home/scratch/AmphibianTELibrary/Genomes/Triturus_cristatus -name '*cds*.fna' | head -1)
        cd /user/brussel/109/vsc10945/home/scratch/AmphibianTELibrary/Genomes/Triturus_cristatus
        PYTHONNOUSERSITE=1 apptainer exec /apps/brussel/containers/edta/EDTA-2.3.0--hdfd78af_0.sif bash -c             'export LC_ALL=C LANG=C LANGUAGE=C && unset -f which && EDTA.pl             --genome /user/brussel/109/vsc10945/home/scratch/AmphibianTELibrary/Genomes/Triturus_cristatus/Triturus_cristatus_headers.fna             --cds '"$CDS"'             --curatedlib /user/brussel/109/vsc10945/home/scratch/TE/Libraries/repbase/31/RepBase31.03.fasta/vrtrep.ref             --type tir             --overwrite 0             --sensitive 0             --anno 0             --evaluate 0             --threads 16 > /user/brussel/109/vsc10945/home/scratch/AmphibianTELibrary/Genomes/Triturus_cristatus/Triturus_cristatus.denovo' 2> /user/brussel/109/vsc10945/home/scratch/AmphibianTELibrary/LOGS/edta/edta_Triturus_cristatus.log
        
        (one of the commands exited with non-zero exit code; note that snakemake uses bash strict mode!)
    external_jobid: Submitted batch job 11919560

[Mon Apr 20 21:20:26 2026]
Error in rule edta_tir:
    message: For further error details see the cluster/cloud log and the log files of the involved rule(s).
    jobid: 19
    input: /user/brussel/109/vsc10945/home/scratch/AmphibianTELibrary/Genomes/Rhinoderma_darwinii/Rhinoderma_darwinii_headers.fna
    output: /user/brussel/109/vsc10945/home/scratch/AmphibianTELibrary/Genomes/Rhinoderma_darwinii/Rhinoderma_darwinii.denovo
    log: /user/brussel/109/vsc10945/home/scratch/AmphibianTELibrary/LOGS/edta/edta_Rhinoderma_darwinii.log (check log file(s) for error details)
    shell:
        
        CDS=$(find /user/brussel/109/vsc10945/home/scratch/AmphibianTELibrary/Genomes/Rhinoderma_darwinii -name '*cds*.fna' | head -1)
        cd /user/brussel/109/vsc10945/home/scratch/AmphibianTELibrary/Genomes/Rhinoderma_darwinii
        PYTHONNOUSERSITE=1 apptainer exec /apps/brussel/containers/edta/EDTA-2.3.0--hdfd78af_0.sif bash -c             'export LC_ALL=C LANG=C LANGUAGE=C && unset -f which && EDTA.pl             --genome /user/brussel/109/vsc10945/home/scratch/AmphibianTELibrary/Genomes/Rhinoderma_darwinii/Rhinoderma_darwinii_headers.fna             --cds '"$CDS"'             --curatedlib /user/brussel/109/vsc10945/home/scratch/TE/Libraries/repbase/31/RepBase31.03.fasta/vrtrep.ref             --type tir             --overwrite 0             --sensitive 0             --anno 0             --evaluate 0             --threads 16 > /user/brussel/109/vsc10945/home/scratch/AmphibianTELibrary/Genomes/Rhinoderma_darwinii/Rhinoderma_darwinii.denovo' 2> /user/brussel/109/vsc10945/home/scratch/AmphibianTELibrary/LOGS/edta/edta_Rhinoderma_darwinii.log
        
        (one of the commands exited with non-zero exit code; note that snakemake uses bash strict mode!)
    external_jobid: Submitted batch job 11919561

[Mon Apr 20 21:20:59 2026]
Error in rule edta_tir:
    message: For further error details see the cluster/cloud log and the log files of the involved rule(s).
    jobid: 49
    input: /user/brussel/109/vsc10945/home/scratch/AmphibianTELibrary/Genomes/Hyperolius_riggenbachi/Hyperolius_riggenbachi_headers.fna
    output: /user/brussel/109/vsc10945/home/scratch/AmphibianTELibrary/Genomes/Hyperolius_riggenbachi/Hyperolius_riggenbachi.denovo
    log: /user/brussel/109/vsc10945/home/scratch/AmphibianTELibrary/LOGS/edta/edta_Hyperolius_riggenbachi.log (check log file(s) for error details)
    shell:
        
        CDS=$(find /user/brussel/109/vsc10945/home/scratch/AmphibianTELibrary/Genomes/Hyperolius_riggenbachi -name '*cds*.fna' | head -1)
        cd /user/brussel/109/vsc10945/home/scratch/AmphibianTELibrary/Genomes/Hyperolius_riggenbachi
        PYTHONNOUSERSITE=1 apptainer exec /apps/brussel/containers/edta/EDTA-2.3.0--hdfd78af_0.sif bash -c             'export LC_ALL=C LANG=C LANGUAGE=C && unset -f which && EDTA.pl             --genome /user/brussel/109/vsc10945/home/scratch/AmphibianTELibrary/Genomes/Hyperolius_riggenbachi/Hyperolius_riggenbachi_headers.fna             --cds '"$CDS"'             --curatedlib /user/brussel/109/vsc10945/home/scratch/TE/Libraries/repbase/31/RepBase31.03.fasta/vrtrep.ref             --type tir             --overwrite 0             --sensitive 0             --anno 0             --evaluate 0             --threads 16 > /user/brussel/109/vsc10945/home/scratch/AmphibianTELibrary/Genomes/Hyperolius_riggenbachi/Hyperolius_riggenbachi.denovo' 2> /user/brussel/109/vsc10945/home/scratch/AmphibianTELibrary/LOGS/edta/edta_Hyperolius_riggenbachi.log
        
        (one of the commands exited with non-zero exit code; note that snakemake uses bash strict mode!)
    external_jobid: Submitted batch job 11919562

[Mon Apr 20 21:21:32 2026]
Error in rule edta_tir:
    message: For further error details see the cluster/cloud log and the log files of the involved rule(s).
    jobid: 79
    input: /user/brussel/109/vsc10945/home/scratch/AmphibianTELibrary/Genomes/Lissotriton_helveticus/Lissotriton_helveticus_headers.fna
    output: /user/brussel/109/vsc10945/home/scratch/AmphibianTELibrary/Genomes/Lissotriton_helveticus/Lissotriton_helveticus.denovo
    log: /user/brussel/109/vsc10945/home/scratch/AmphibianTELibrary/LOGS/edta/edta_Lissotriton_helveticus.log (check log file(s) for error details)
    shell:
        
        CDS=$(find /user/brussel/109/vsc10945/home/scratch/AmphibianTELibrary/Genomes/Lissotriton_helveticus -name '*cds*.fna' | head -1)
        cd /user/brussel/109/vsc10945/home/scratch/AmphibianTELibrary/Genomes/Lissotriton_helveticus
        PYTHONNOUSERSITE=1 apptainer exec /apps/brussel/containers/edta/EDTA-2.3.0--hdfd78af_0.sif bash -c             'export LC_ALL=C LANG=C LANGUAGE=C && unset -f which && EDTA.pl             --genome /user/brussel/109/vsc10945/home/scratch/AmphibianTELibrary/Genomes/Lissotriton_helveticus/Lissotriton_helveticus_headers.fna             --cds '"$CDS"'             --curatedlib /user/brussel/109/vsc10945/home/scratch/TE/Libraries/repbase/31/RepBase31.03.fasta/vrtrep.ref             --type tir             --overwrite 0             --sensitive 0             --anno 0             --evaluate 0             --threads 16 > /user/brussel/109/vsc10945/home/scratch/AmphibianTELibrary/Genomes/Lissotriton_helveticus/Lissotriton_helveticus.denovo' 2> /user/brussel/109/vsc10945/home/scratch/AmphibianTELibrary/LOGS/edta/edta_Lissotriton_helveticus.log
        
        (one of the commands exited with non-zero exit code; note that snakemake uses bash strict mode!)
    external_jobid: Submitted batch job 11919563

[Mon Apr 20 21:22:05 2026]
Error in rule edta_tir:
    message: For further error details see the cluster/cloud log and the log files of the involved rule(s).
    jobid: 109
    input: /user/brussel/109/vsc10945/home/scratch/AmphibianTELibrary/Genomes/Discoglossus_pictus/Discoglossus_pictus_headers.fna
    output: /user/brussel/109/vsc10945/home/scratch/AmphibianTELibrary/Genomes/Discoglossus_pictus/Discoglossus_pictus.denovo
    log: /user/brussel/109/vsc10945/home/scratch/AmphibianTELibrary/LOGS/edta/edta_Discoglossus_pictus.log (check log file(s) for error details)
    shell:
        
        CDS=$(find /user/brussel/109/vsc10945/home/scratch/AmphibianTELibrary/Genomes/Discoglossus_pictus -name '*cds*.fna' | head -1)
        cd /user/brussel/109/vsc10945/home/scratch/AmphibianTELibrary/Genomes/Discoglossus_pictus
        PYTHONNOUSERSITE=1 apptainer exec /apps/brussel/containers/edta/EDTA-2.3.0--hdfd78af_0.sif bash -c             'export LC_ALL=C LANG=C LANGUAGE=C && unset -f which && EDTA.pl             --genome /user/brussel/109/vsc10945/home/scratch/AmphibianTELibrary/Genomes/Discoglossus_pictus/Discoglossus_pictus_headers.fna             --cds '"$CDS"'             --curatedlib /user/brussel/109/vsc10945/home/scratch/TE/Libraries/repbase/31/RepBase31.03.fasta/vrtrep.ref             --type tir             --overwrite 0             --sensitive 0             --anno 0             --evaluate 0             --threads 16 > /user/brussel/109/vsc10945/home/scratch/AmphibianTELibrary/Genomes/Discoglossus_pictus/Discoglossus_pictus.denovo' 2> /user/brussel/109/vsc10945/home/scratch/AmphibianTELibrary/LOGS/edta/edta_Discoglossus_pictus.log
        
        (one of the commands exited with non-zero exit code; note that snakemake uses bash strict mode!)
    external_jobid: Submitted batch job 11919564

[Mon Apr 20 21:22:38 2026]
Error in rule edta_tir:
    message: For further error details see the cluster/cloud log and the log files of the involved rule(s).
    jobid: 21
    input: /user/brussel/109/vsc10945/home/scratch/AmphibianTELibrary/Genomes/Ichthyophis_bannanicus/Ichthyophis_bannanicus_headers.fna
    output: /user/brussel/109/vsc10945/home/scratch/AmphibianTELibrary/Genomes/Ichthyophis_bannanicus/Ichthyophis_bannanicus.denovo
    log: /user/brussel/109/vsc10945/home/scratch/AmphibianTELibrary/LOGS/edta/edta_Ichthyophis_bannanicus.log (check log file(s) for error details)
    shell:
        
        CDS=$(find /user/brussel/109/vsc10945/home/scratch/AmphibianTELibrary/Genomes/Ichthyophis_bannanicus -name '*cds*.fna' | head -1)
        cd /user/brussel/109/vsc10945/home/scratch/AmphibianTELibrary/Genomes/Ichthyophis_bannanicus
        PYTHONNOUSERSITE=1 apptainer exec /apps/brussel/containers/edta/EDTA-2.3.0--hdfd78af_0.sif bash -c             'export LC_ALL=C LANG=C LANGUAGE=C && unset -f which && EDTA.pl             --genome /user/brussel/109/vsc10945/home/scratch/AmphibianTELibrary/Genomes/Ichthyophis_bannanicus/Ichthyophis_bannanicus_headers.fna             --cds '"$CDS"'             --curatedlib /user/brussel/109/vsc10945/home/scratch/TE/Libraries/repbase/31/RepBase31.03.fasta/vrtrep.ref             --type tir             --overwrite 0             --sensitive 0             --anno 0             --evaluate 0             --threads 16 > /user/brussel/109/vsc10945/home/scratch/AmphibianTELibrary/Genomes/Ichthyophis_bannanicus/Ichthyophis_bannanicus.denovo' 2> /user/brussel/109/vsc10945/home/scratch/AmphibianTELibrary/LOGS/edta/edta_Ichthyophis_bannanicus.log
        
        (one of the commands exited with non-zero exit code; note that snakemake uses bash strict mode!)
    external_jobid: Submitted batch job 11919565

[Mon Apr 20 21:23:11 2026]
Error in rule edta_tir:
    message: For further error details see the cluster/cloud log and the log files of the involved rule(s).
    jobid: 51
    input: /user/brussel/109/vsc10945/home/scratch/AmphibianTELibrary/Genomes/Crinia_signifera/Crinia_signifera_headers.fna
    output: /user/brussel/109/vsc10945/home/scratch/AmphibianTELibrary/Genomes/Crinia_signifera/Crinia_signifera.denovo
    log: /user/brussel/109/vsc10945/home/scratch/AmphibianTELibrary/LOGS/edta/edta_Crinia_signifera.log (check log file(s) for error details)
    shell:
        
        CDS=$(find /user/brussel/109/vsc10945/home/scratch/AmphibianTELibrary/Genomes/Crinia_signifera -name '*cds*.fna' | head -1)
        cd /user/brussel/109/vsc10945/home/scratch/AmphibianTELibrary/Genomes/Crinia_signifera
        PYTHONNOUSERSITE=1 apptainer exec /apps/brussel/containers/edta/EDTA-2.3.0--hdfd78af_0.sif bash -c             'export LC_ALL=C LANG=C LANGUAGE=C && unset -f which && EDTA.pl             --genome /user/brussel/109/vsc10945/home/scratch/AmphibianTELibrary/Genomes/Crinia_signifera/Crinia_signifera_headers.fna             --cds '"$CDS"'             --curatedlib /user/brussel/109/vsc10945/home/scratch/TE/Libraries/repbase/31/RepBase31.03.fasta/vrtrep.ref             --type tir             --overwrite 0             --sensitive 0             --anno 0             --evaluate 0             --threads 16 > /user/brussel/109/vsc10945/home/scratch/AmphibianTELibrary/Genomes/Crinia_signifera/Crinia_signifera.denovo' 2> /user/brussel/109/vsc10945/home/scratch/AmphibianTELibrary/LOGS/edta/edta_Crinia_signifera.log
        
        (one of the commands exited with non-zero exit code; note that snakemake uses bash strict mode!)
    external_jobid: Submitted batch job 11919566

[Mon Apr 20 21:23:44 2026]
Error in rule edta_tir:
    message: For further error details see the cluster/cloud log and the log files of the involved rule(s).
    jobid: 81
    input: /user/brussel/109/vsc10945/home/scratch/AmphibianTELibrary/Genomes/Bombina_variegata/Bombina_variegata_headers.fna
    output: /user/brussel/109/vsc10945/home/scratch/AmphibianTELibrary/Genomes/Bombina_variegata/Bombina_variegata.denovo
    log: /user/brussel/109/vsc10945/home/scratch/AmphibianTELibrary/LOGS/edta/edta_Bombina_variegata.log (check log file(s) for error details)
    shell:
        
        CDS=$(find /user/brussel/109/vsc10945/home/scratch/AmphibianTELibrary/Genomes/Bombina_variegata -name '*cds*.fna' | head -1)
        cd /user/brussel/109/vsc10945/home/scratch/AmphibianTELibrary/Genomes/Bombina_variegata
        PYTHONNOUSERSITE=1 apptainer exec /apps/brussel/containers/edta/EDTA-2.3.0--hdfd78af_0.sif bash -c             'export LC_ALL=C LANG=C LANGUAGE=C && unset -f which && EDTA.pl             --genome /user/brussel/109/vsc10945/home/scratch/AmphibianTELibrary/Genomes/Bombina_variegata/Bombina_variegata_headers.fna             --cds '"$CDS"'             --curatedlib /user/brussel/109/vsc10945/home/scratch/TE/Libraries/repbase/31/RepBase31.03.fasta/vrtrep.ref             --type tir             --overwrite 0             --sensitive 0             --anno 0             --evaluate 0             --threads 16 > /user/brussel/109/vsc10945/home/scratch/AmphibianTELibrary/Genomes/Bombina_variegata/Bombina_variegata.denovo' 2> /user/brussel/109/vsc10945/home/scratch/AmphibianTELibrary/LOGS/edta/edta_Bombina_variegata.log
        
        (one of the commands exited with non-zero exit code; note that snakemake uses bash strict mode!)
    external_jobid: Submitted batch job 11919567

[Mon Apr 20 21:24:15 2026]
Error in rule edta_tir:
    message: For further error details see the cluster/cloud log and the log files of the involved rule(s).
    jobid: 111
    input: /user/brussel/109/vsc10945/home/scratch/AmphibianTELibrary/Genomes/Dendropsophus_ebraccatus/Dendropsophus_ebraccatus_headers.fna
    output: /user/brussel/109/vsc10945/home/scratch/AmphibianTELibrary/Genomes/Dendropsophus_ebraccatus/Dendropsophus_ebraccatus.denovo
    log: /user/brussel/109/vsc10945/home/scratch/AmphibianTELibrary/LOGS/edta/edta_Dendropsophus_ebraccatus.log (check log file(s) for error details)
    shell:
        
        CDS=$(find /user/brussel/109/vsc10945/home/scratch/AmphibianTELibrary/Genomes/Dendropsophus_ebraccatus -name '*cds*.fna' | head -1)
        cd /user/brussel/109/vsc10945/home/scratch/AmphibianTELibrary/Genomes/Dendropsophus_ebraccatus
        PYTHONNOUSERSITE=1 apptainer exec /apps/brussel/containers/edta/EDTA-2.3.0--hdfd78af_0.sif bash -c             'export LC_ALL=C LANG=C LANGUAGE=C && unset -f which && EDTA.pl             --genome /user/brussel/109/vsc10945/home/scratch/AmphibianTELibrary/Genomes/Dendropsophus_ebraccatus/Dendropsophus_ebraccatus_headers.fna             --cds '"$CDS"'             --curatedlib /user/brussel/109/vsc10945/home/scratch/TE/Libraries/repbase/31/RepBase31.03.fasta/vrtrep.ref             --type tir             --overwrite 0             --sensitive 0             --anno 0             --evaluate 0             --threads 16 > /user/brussel/109/vsc10945/home/scratch/AmphibianTELibrary/Genomes/Dendropsophus_ebraccatus/Dendropsophus_ebraccatus.denovo' 2> /user/brussel/109/vsc10945/home/scratch/AmphibianTELibrary/LOGS/edta/edta_Dendropsophus_ebraccatus.log
        
        (one of the commands exited with non-zero exit code; note that snakemake uses bash strict mode!)
    external_jobid: Submitted batch job 11919568

[Mon Apr 20 21:24:45 2026]
Error in rule edta_tir:
    message: For further error details see the cluster/cloud log and the log files of the involved rule(s).
    jobid: 23
    input: /user/brussel/109/vsc10945/home/scratch/AmphibianTELibrary/Genomes/Pleurodeles_waltl/Pleurodeles_waltl_headers.fna
    output: /user/brussel/109/vsc10945/home/scratch/AmphibianTELibrary/Genomes/Pleurodeles_waltl/Pleurodeles_waltl.denovo
    log: /user/brussel/109/vsc10945/home/scratch/AmphibianTELibrary/LOGS/edta/edta_Pleurodeles_waltl.log (check log file(s) for error details)
    shell:
        
        CDS=$(find /user/brussel/109/vsc10945/home/scratch/AmphibianTELibrary/Genomes/Pleurodeles_waltl -name '*cds*.fna' | head -1)
        cd /user/brussel/109/vsc10945/home/scratch/AmphibianTELibrary/Genomes/Pleurodeles_waltl
        PYTHONNOUSERSITE=1 apptainer exec /apps/brussel/containers/edta/EDTA-2.3.0--hdfd78af_0.sif bash -c             'export LC_ALL=C LANG=C LANGUAGE=C && unset -f which && EDTA.pl             --genome /user/brussel/109/vsc10945/home/scratch/AmphibianTELibrary/Genomes/Pleurodeles_waltl/Pleurodeles_waltl_headers.fna             --cds '"$CDS"'             --curatedlib /user/brussel/109/vsc10945/home/scratch/TE/Libraries/repbase/31/RepBase31.03.fasta/vrtrep.ref             --type tir             --overwrite 0             --sensitive 0             --anno 0             --evaluate 0             --threads 16 > /user/brussel/109/vsc10945/home/scratch/AmphibianTELibrary/Genomes/Pleurodeles_waltl/Pleurodeles_waltl.denovo' 2> /user/brussel/109/vsc10945/home/scratch/AmphibianTELibrary/LOGS/edta/edta_Pleurodeles_waltl.log
        
        (one of the commands exited with non-zero exit code; note that snakemake uses bash strict mode!)
    external_jobid: Submitted batch job 11919569

[Mon Apr 20 21:25:15 2026]
Error in rule edta_tir:
    message: For further error details see the cluster/cloud log and the log files of the involved rule(s).
    jobid: 83
    input: /user/brussel/109/vsc10945/home/scratch/AmphibianTELibrary/Genomes/Pseudophryne_corroboree/Pseudophryne_corroboree_headers.fna
    output: /user/brussel/109/vsc10945/home/scratch/AmphibianTELibrary/Genomes/Pseudophryne_corroboree/Pseudophryne_corroboree.denovo
    log: /user/brussel/109/vsc10945/home/scratch/AmphibianTELibrary/LOGS/edta/edta_Pseudophryne_corroboree.log (check log file(s) for error details)
    shell:
        
        CDS=$(find /user/brussel/109/vsc10945/home/scratch/AmphibianTELibrary/Genomes/Pseudophryne_corroboree -name '*cds*.fna' | head -1)
        cd /user/brussel/109/vsc10945/home/scratch/AmphibianTELibrary/Genomes/Pseudophryne_corroboree
        PYTHONNOUSERSITE=1 apptainer exec /apps/brussel/containers/edta/EDTA-2.3.0--hdfd78af_0.sif bash -c             'export LC_ALL=C LANG=C LANGUAGE=C && unset -f which && EDTA.pl             --genome /user/brussel/109/vsc10945/home/scratch/AmphibianTELibrary/Genomes/Pseudophryne_corroboree/Pseudophryne_corroboree_headers.fna             --cds '"$CDS"'             --curatedlib /user/brussel/109/vsc10945/home/scratch/TE/Libraries/repbase/31/RepBase31.03.fasta/vrtrep.ref             --type tir             --overwrite 0             --sensitive 0             --anno 0             --evaluate 0             --threads 16 > /user/brussel/109/vsc10945/home/scratch/AmphibianTELibrary/Genomes/Pseudophryne_corroboree/Pseudophryne_corroboree.denovo' 2> /user/brussel/109/vsc10945/home/scratch/AmphibianTELibrary/LOGS/edta/edta_Pseudophryne_corroboree.log
        
        (one of the commands exited with non-zero exit code; note that snakemake uses bash strict mode!)
    external_jobid: Submitted batch job 11919570

[Mon Apr 20 21:25:55 2026]
Error in rule edta_tir:
    message: For further error details see the cluster/cloud log and the log files of the involved rule(s).
    jobid: 53
    input: /user/brussel/109/vsc10945/home/scratch/AmphibianTELibrary/Genomes/Mixophyes_fleayi/Mixophyes_fleayi_headers.fna
    output: /user/brussel/109/vsc10945/home/scratch/AmphibianTELibrary/Genomes/Mixophyes_fleayi/Mixophyes_fleayi.denovo
    log: /user/brussel/109/vsc10945/home/scratch/AmphibianTELibrary/LOGS/edta/edta_Mixophyes_fleayi.log (check log file(s) for error details)
    shell:
        
        CDS=$(find /user/brussel/109/vsc10945/home/scratch/AmphibianTELibrary/Genomes/Mixophyes_fleayi -name '*cds*.fna' | head -1)
        cd /user/brussel/109/vsc10945/home/scratch/AmphibianTELibrary/Genomes/Mixophyes_fleayi
        PYTHONNOUSERSITE=1 apptainer exec /apps/brussel/containers/edta/EDTA-2.3.0--hdfd78af_0.sif bash -c             'export LC_ALL=C LANG=C LANGUAGE=C && unset -f which && EDTA.pl             --genome /user/brussel/109/vsc10945/home/scratch/AmphibianTELibrary/Genomes/Mixophyes_fleayi/Mixophyes_fleayi_headers.fna             --cds '"$CDS"'             --curatedlib /user/brussel/109/vsc10945/home/scratch/TE/Libraries/repbase/31/RepBase31.03.fasta/vrtrep.ref             --type tir             --overwrite 0             --sensitive 0             --anno 0             --evaluate 0             --threads 16 > /user/brussel/109/vsc10945/home/scratch/AmphibianTELibrary/Genomes/Mixophyes_fleayi/Mixophyes_fleayi.denovo' 2> /user/brussel/109/vsc10945/home/scratch/AmphibianTELibrary/LOGS/edta/edta_Mixophyes_fleayi.log
        
        (one of the commands exited with non-zero exit code; note that snakemake uses bash strict mode!)
    external_jobid: Submitted batch job 11919571

[Mon Apr 20 21:26:25 2026]
Error in rule edta_tir:
    message: For further error details see the cluster/cloud log and the log files of the involved rule(s).
    jobid: 113
    input: /user/brussel/109/vsc10945/home/scratch/AmphibianTELibrary/Genomes/Pelobates_fuscus/Pelobates_fuscus_headers.fna
    output: /user/brussel/109/vsc10945/home/scratch/AmphibianTELibrary/Genomes/Pelobates_fuscus/Pelobates_fuscus.denovo
    log: /user/brussel/109/vsc10945/home/scratch/AmphibianTELibrary/LOGS/edta/edta_Pelobates_fuscus.log (check log file(s) for error details)
    shell:
        
        CDS=$(find /user/brussel/109/vsc10945/home/scratch/AmphibianTELibrary/Genomes/Pelobates_fuscus -name '*cds*.fna' | head -1)
        cd /user/brussel/109/vsc10945/home/scratch/AmphibianTELibrary/Genomes/Pelobates_fuscus
        PYTHONNOUSERSITE=1 apptainer exec /apps/brussel/containers/edta/EDTA-2.3.0--hdfd78af_0.sif bash -c             'export LC_ALL=C LANG=C LANGUAGE=C && unset -f which && EDTA.pl             --genome /user/brussel/109/vsc10945/home/scratch/AmphibianTELibrary/Genomes/Pelobates_fuscus/Pelobates_fuscus_headers.fna             --cds '"$CDS"'             --curatedlib /user/brussel/109/vsc10945/home/scratch/TE/Libraries/repbase/31/RepBase31.03.fasta/vrtrep.ref             --type tir             --overwrite 0             --sensitive 0             --anno 0             --evaluate 0             --threads 16 > /user/brussel/109/vsc10945/home/scratch/AmphibianTELibrary/Genomes/Pelobates_fuscus/Pelobates_fuscus.denovo' 2> /user/brussel/109/vsc10945/home/scratch/AmphibianTELibrary/LOGS/edta/edta_Pelobates_fuscus.log
        
        (one of the commands exited with non-zero exit code; note that snakemake uses bash strict mode!)
    external_jobid: Submitted batch job 11919572

[Mon Apr 20 21:26:55 2026]
Error in rule edta_tir:
    message: For further error details see the cluster/cloud log and the log files of the involved rule(s).
    jobid: 25
    input: /user/brussel/109/vsc10945/home/scratch/AmphibianTELibrary/Genomes/Leptobrachium_boringii/Leptobrachium_boringii_headers.fna
    output: /user/brussel/109/vsc10945/home/scratch/AmphibianTELibrary/Genomes/Leptobrachium_boringii/Leptobrachium_boringii.denovo
    log: /user/brussel/109/vsc10945/home/scratch/AmphibianTELibrary/LOGS/edta/edta_Leptobrachium_boringii.log (check log file(s) for error details)
    shell:
        
        CDS=$(find /user/brussel/109/vsc10945/home/scratch/AmphibianTELibrary/Genomes/Leptobrachium_boringii -name '*cds*.fna' | head -1)
        cd /user/brussel/109/vsc10945/home/scratch/AmphibianTELibrary/Genomes/Leptobrachium_boringii
        PYTHONNOUSERSITE=1 apptainer exec /apps/brussel/containers/edta/EDTA-2.3.0--hdfd78af_0.sif bash -c             'export LC_ALL=C LANG=C LANGUAGE=C && unset -f which && EDTA.pl             --genome /user/brussel/109/vsc10945/home/scratch/AmphibianTELibrary/Genomes/Leptobrachium_boringii/Leptobrachium_boringii_headers.fna             --cds '"$CDS"'             --curatedlib /user/brussel/109/vsc10945/home/scratch/TE/Libraries/repbase/31/RepBase31.03.fasta/vrtrep.ref             --type tir             --overwrite 0             --sensitive 0             --anno 0             --evaluate 0             --threads 16 > /user/brussel/109/vsc10945/home/scratch/AmphibianTELibrary/Genomes/Leptobrachium_boringii/Leptobrachium_boringii.denovo' 2> /user/brussel/109/vsc10945/home/scratch/AmphibianTELibrary/LOGS/edta/edta_Leptobrachium_boringii.log
        
        (one of the commands exited with non-zero exit code; note that snakemake uses bash strict mode!)
    external_jobid: Submitted batch job 11919573

[Mon Apr 20 21:27:25 2026]
Error in rule edta_tir:
    message: For further error details see the cluster/cloud log and the log files of the involved rule(s).
    jobid: 85
    input: /user/brussel/109/vsc10945/home/scratch/AmphibianTELibrary/Genomes/Eleutherodactylus_coqui/Eleutherodactylus_coqui_headers.fna
    output: /user/brussel/109/vsc10945/home/scratch/AmphibianTELibrary/Genomes/Eleutherodactylus_coqui/Eleutherodactylus_coqui.denovo
    log: /user/brussel/109/vsc10945/home/scratch/AmphibianTELibrary/LOGS/edta/edta_Eleutherodactylus_coqui.log (check log file(s) for error details)
    shell:
        
        CDS=$(find /user/brussel/109/vsc10945/home/scratch/AmphibianTELibrary/Genomes/Eleutherodactylus_coqui -name '*cds*.fna' | head -1)
        cd /user/brussel/109/vsc10945/home/scratch/AmphibianTELibrary/Genomes/Eleutherodactylus_coqui
        PYTHONNOUSERSITE=1 apptainer exec /apps/brussel/containers/edta/EDTA-2.3.0--hdfd78af_0.sif bash -c             'export LC_ALL=C LANG=C LANGUAGE=C && unset -f which && EDTA.pl             --genome /user/brussel/109/vsc10945/home/scratch/AmphibianTELibrary/Genomes/Eleutherodactylus_coqui/Eleutherodactylus_coqui_headers.fna             --cds '"$CDS"'             --curatedlib /user/brussel/109/vsc10945/home/scratch/TE/Libraries/repbase/31/RepBase31.03.fasta/vrtrep.ref             --type tir             --overwrite 0             --sensitive 0             --anno 0             --evaluate 0             --threads 16 > /user/brussel/109/vsc10945/home/scratch/AmphibianTELibrary/Genomes/Eleutherodactylus_coqui/Eleutherodactylus_coqui.denovo' 2> /user/brussel/109/vsc10945/home/scratch/AmphibianTELibrary/LOGS/edta/edta_Eleutherodactylus_coqui.log
        
        (one of the commands exited with non-zero exit code; note that snakemake uses bash strict mode!)
    external_jobid: Submitted batch job 11919574

[Mon Apr 20 21:28:05 2026]
Error in rule edta_tir:
    message: For further error details see the cluster/cloud log and the log files of the involved rule(s).
    jobid: 55
    input: /user/brussel/109/vsc10945/home/scratch/AmphibianTELibrary/Genomes/Anomaloglossus_baeobatrachus/Anomaloglossus_baeobatrachus_headers.fna
    output: /user/brussel/109/vsc10945/home/scratch/AmphibianTELibrary/Genomes/Anomaloglossus_baeobatrachus/Anomaloglossus_baeobatrachus.denovo
    log: /user/brussel/109/vsc10945/home/scratch/AmphibianTELibrary/LOGS/edta/edta_Anomaloglossus_baeobatrachus.log (check log file(s) for error details)
    shell:
        
        CDS=$(find /user/brussel/109/vsc10945/home/scratch/AmphibianTELibrary/Genomes/Anomaloglossus_baeobatrachus -name '*cds*.fna' | head -1)
        cd /user/brussel/109/vsc10945/home/scratch/AmphibianTELibrary/Genomes/Anomaloglossus_baeobatrachus
        PYTHONNOUSERSITE=1 apptainer exec /apps/brussel/containers/edta/EDTA-2.3.0--hdfd78af_0.sif bash -c             'export LC_ALL=C LANG=C LANGUAGE=C && unset -f which && EDTA.pl             --genome /user/brussel/109/vsc10945/home/scratch/AmphibianTELibrary/Genomes/Anomaloglossus_baeobatrachus/Anomaloglossus_baeobatrachus_headers.fna             --cds '"$CDS"'             --curatedlib /user/brussel/109/vsc10945/home/scratch/TE/Libraries/repbase/31/RepBase31.03.fasta/vrtrep.ref             --type tir             --overwrite 0             --sensitive 0             --anno 0             --evaluate 0             --threads 16 > /user/brussel/109/vsc10945/home/scratch/AmphibianTELibrary/Genomes/Anomaloglossus_baeobatrachus/Anomaloglossus_baeobatrachus.denovo' 2> /user/brussel/109/vsc10945/home/scratch/AmphibianTELibrary/LOGS/edta/edta_Anomaloglossus_baeobatrachus.log
        
        (one of the commands exited with non-zero exit code; note that snakemake uses bash strict mode!)
    external_jobid: Submitted batch job 11919575

[Mon Apr 20 21:28:25 2026]
Error in rule edta_tir:
    message: For further error details see the cluster/cloud log and the log files of the involved rule(s).
    jobid: 115
    input: /user/brussel/109/vsc10945/home/scratch/AmphibianTELibrary/Genomes/Xenopus_tropicalis/Xenopus_tropicalis_headers.fna
    output: /user/brussel/109/vsc10945/home/scratch/AmphibianTELibrary/Genomes/Xenopus_tropicalis/Xenopus_tropicalis.denovo
    log: /user/brussel/109/vsc10945/home/scratch/AmphibianTELibrary/LOGS/edta/edta_Xenopus_tropicalis.log (check log file(s) for error details)
    shell:
        
        CDS=$(find /user/brussel/109/vsc10945/home/scratch/AmphibianTELibrary/Genomes/Xenopus_tropicalis -name '*cds*.fna' | head -1)
        cd /user/brussel/109/vsc10945/home/scratch/AmphibianTELibrary/Genomes/Xenopus_tropicalis
        PYTHONNOUSERSITE=1 apptainer exec /apps/brussel/containers/edta/EDTA-2.3.0--hdfd78af_0.sif bash -c             'export LC_ALL=C LANG=C LANGUAGE=C && unset -f which && EDTA.pl             --genome /user/brussel/109/vsc10945/home/scratch/AmphibianTELibrary/Genomes/Xenopus_tropicalis/Xenopus_tropicalis_headers.fna             --cds '"$CDS"'             --curatedlib /user/brussel/109/vsc10945/home/scratch/TE/Libraries/repbase/31/RepBase31.03.fasta/vrtrep.ref             --type tir             --overwrite 0             --sensitive 0             --anno 0             --evaluate 0             --threads 16 > /user/brussel/109/vsc10945/home/scratch/AmphibianTELibrary/Genomes/Xenopus_tropicalis/Xenopus_tropicalis.denovo' 2> /user/brussel/109/vsc10945/home/scratch/AmphibianTELibrary/LOGS/edta/edta_Xenopus_tropicalis.log
        
        (one of the commands exited with non-zero exit code; note that snakemake uses bash strict mode!)
    external_jobid: Submitted batch job 11919576

[Mon Apr 20 21:29:05 2026]
Error in rule edta_tir:
    message: For further error details see the cluster/cloud log and the log files of the involved rule(s).
    jobid: 117
    input: /user/brussel/109/vsc10945/home/scratch/AmphibianTELibrary/Genomes/Bombina_bombina/Bombina_bombina_headers.fna
    output: /user/brussel/109/vsc10945/home/scratch/AmphibianTELibrary/Genomes/Bombina_bombina/Bombina_bombina.denovo
    log: /user/brussel/109/vsc10945/home/scratch/AmphibianTELibrary/LOGS/edta/edta_Bombina_bombina.log (check log file(s) for error details)
    shell:
        
        CDS=$(find /user/brussel/109/vsc10945/home/scratch/AmphibianTELibrary/Genomes/Bombina_bombina -name '*cds*.fna' | head -1)
        cd /user/brussel/109/vsc10945/home/scratch/AmphibianTELibrary/Genomes/Bombina_bombina
        PYTHONNOUSERSITE=1 apptainer exec /apps/brussel/containers/edta/EDTA-2.3.0--hdfd78af_0.sif bash -c             'export LC_ALL=C LANG=C LANGUAGE=C && unset -f which && EDTA.pl             --genome /user/brussel/109/vsc10945/home/scratch/AmphibianTELibrary/Genomes/Bombina_bombina/Bombina_bombina_headers.fna             --cds '"$CDS"'             --curatedlib /user/brussel/109/vsc10945/home/scratch/TE/Libraries/repbase/31/RepBase31.03.fasta/vrtrep.ref             --type tir             --overwrite 0             --sensitive 0             --anno 0             --evaluate 0             --threads 16 > /user/brussel/109/vsc10945/home/scratch/AmphibianTELibrary/Genomes/Bombina_bombina/Bombina_bombina.denovo' 2> /user/brussel/109/vsc10945/home/scratch/AmphibianTELibrary/LOGS/edta/edta_Bombina_bombina.log
        
        (one of the commands exited with non-zero exit code; note that snakemake uses bash strict mode!)
    external_jobid: Submitted batch job 11919577

Shutting down, this might take some time.
Exiting because a job execution failed. Look above for error message
Complete log: .snakemake/log/2026-04-20T204951.875702.snakemake.log
WorkflowError:
At least one job did not complete successfully.
