host: login1.cerberus.os
Building DAG of jobs...
Using shell: /usr/bin/bash
Provided remote nodes: 400
Job stats:
job      count
-----  -------
all          1
edta        62
total       63

Select jobs to execute...
Execute 62 jobs...

[Wed Apr 15 23:23:03 2026]
rule edta:
    input: /user/brussel/109/vsc10945/home/scratch/AmphibianTELibrary/Genomes/Pleurodeles_waltl/Pleurodeles_waltl_headers.fna
    output: /user/brussel/109/vsc10945/home/scratch/AmphibianTELibrary/Genomes/Pleurodeles_waltl/Pleurodeles_waltl.denovo
    log: /user/brussel/109/vsc10945/home/scratch/AmphibianTELibrary/LOGS/edta/edta_Pleurodeles_waltl.log
    jobid: 25
    reason: Missing output files: /user/brussel/109/vsc10945/home/scratch/AmphibianTELibrary/Genomes/Pleurodeles_waltl/Pleurodeles_waltl.denovo
    wildcards: species=Pleurodeles_waltl
    resources: mem_mb=8000, mem_mib=7630, disk_mb=100000, disk_mib=95368, tmpdir=<TBD>, nodes=1, tasks=1, cpus_per_task=64, mem_mb_per_cpu=7000, runtime=7200, partition=zen4,zen5_mpi


        CDS=$(find /user/brussel/109/vsc10945/home/scratch/AmphibianTELibrary/Genomes/Pleurodeles_waltl -name '*cds*.fna' | head -1)
        PYTHONNOUSERSITE=1 apptainer exec /apps/brussel/containers/edta/EDTA-2.3.0--hdfd78af_0.sif bash -c             'export LC_ALL=C LANG=C LANGUAGE=C && unset -f which && EDTA.pl             --genome /user/brussel/109/vsc10945/home/scratch/AmphibianTELibrary/Genomes/Pleurodeles_waltl/Pleurodeles_waltl_headers.fna             --cds '"$CDS"'             --curatedlib /user/brussel/109/vsc10945/home/scratch/TE/Libraries/repbase/31/RepBase31.03.fasta/vrtrep.ref             --overwrite 0             --sensitive 0             --anno 1             --evaluate 1             --threads 64 > /user/brussel/109/vsc10945/home/scratch/AmphibianTELibrary/Genomes/Pleurodeles_waltl/Pleurodeles_waltl.denovo' 2> /user/brussel/109/vsc10945/home/scratch/AmphibianTELibrary/LOGS/edta/edta_Pleurodeles_waltl.log
        
Submitted job 25 with external jobid 'Submitted batch job 11871770'.

[Wed Apr 15 23:23:03 2026]
rule edta:
    input: /user/brussel/109/vsc10945/home/scratch/AmphibianTELibrary/Genomes/Mixophyes_fleayi/Mixophyes_fleayi_headers.fna
    output: /user/brussel/109/vsc10945/home/scratch/AmphibianTELibrary/Genomes/Mixophyes_fleayi/Mixophyes_fleayi.denovo
    log: /user/brussel/109/vsc10945/home/scratch/AmphibianTELibrary/LOGS/edta/edta_Mixophyes_fleayi.log
    jobid: 55
    reason: Missing output files: /user/brussel/109/vsc10945/home/scratch/AmphibianTELibrary/Genomes/Mixophyes_fleayi/Mixophyes_fleayi.denovo
    wildcards: species=Mixophyes_fleayi
    resources: mem_mb=5735, mem_mib=5470, disk_mb=100000, disk_mib=95368, tmpdir=<TBD>, nodes=1, tasks=1, cpus_per_task=64, mem_mb_per_cpu=7000, runtime=7200, partition=zen4,zen5_mpi


        CDS=$(find /user/brussel/109/vsc10945/home/scratch/AmphibianTELibrary/Genomes/Mixophyes_fleayi -name '*cds*.fna' | head -1)
        PYTHONNOUSERSITE=1 apptainer exec /apps/brussel/containers/edta/EDTA-2.3.0--hdfd78af_0.sif bash -c             'export LC_ALL=C LANG=C LANGUAGE=C && unset -f which && EDTA.pl             --genome /user/brussel/109/vsc10945/home/scratch/AmphibianTELibrary/Genomes/Mixophyes_fleayi/Mixophyes_fleayi_headers.fna             --cds '"$CDS"'             --curatedlib /user/brussel/109/vsc10945/home/scratch/TE/Libraries/repbase/31/RepBase31.03.fasta/vrtrep.ref             --overwrite 0             --sensitive 0             --anno 1             --evaluate 1             --threads 64 > /user/brussel/109/vsc10945/home/scratch/AmphibianTELibrary/Genomes/Mixophyes_fleayi/Mixophyes_fleayi.denovo' 2> /user/brussel/109/vsc10945/home/scratch/AmphibianTELibrary/LOGS/edta/edta_Mixophyes_fleayi.log
        
Submitted job 55 with external jobid 'Submitted batch job 11871771'.

[Wed Apr 15 23:23:03 2026]
rule edta:
    input: /user/brussel/109/vsc10945/home/scratch/AmphibianTELibrary/Genomes/Pseudophryne_corroboree/Pseudophryne_corroboree_headers.fna
    output: /user/brussel/109/vsc10945/home/scratch/AmphibianTELibrary/Genomes/Pseudophryne_corroboree/Pseudophryne_corroboree.denovo
    log: /user/brussel/109/vsc10945/home/scratch/AmphibianTELibrary/LOGS/edta/edta_Pseudophryne_corroboree.log
    jobid: 85
    reason: Missing output files: /user/brussel/109/vsc10945/home/scratch/AmphibianTELibrary/Genomes/Pseudophryne_corroboree/Pseudophryne_corroboree.denovo
    wildcards: species=Pseudophryne_corroboree
    resources: mem_mb=8000, mem_mib=7630, disk_mb=100000, disk_mib=95368, tmpdir=<TBD>, nodes=1, tasks=1, cpus_per_task=64, mem_mb_per_cpu=7000, runtime=7200, partition=zen4,zen5_mpi


        CDS=$(find /user/brussel/109/vsc10945/home/scratch/AmphibianTELibrary/Genomes/Pseudophryne_corroboree -name '*cds*.fna' | head -1)
        PYTHONNOUSERSITE=1 apptainer exec /apps/brussel/containers/edta/EDTA-2.3.0--hdfd78af_0.sif bash -c             'export LC_ALL=C LANG=C LANGUAGE=C && unset -f which && EDTA.pl             --genome /user/brussel/109/vsc10945/home/scratch/AmphibianTELibrary/Genomes/Pseudophryne_corroboree/Pseudophryne_corroboree_headers.fna             --cds '"$CDS"'             --curatedlib /user/brussel/109/vsc10945/home/scratch/TE/Libraries/repbase/31/RepBase31.03.fasta/vrtrep.ref             --overwrite 0             --sensitive 0             --anno 1             --evaluate 1             --threads 64 > /user/brussel/109/vsc10945/home/scratch/AmphibianTELibrary/Genomes/Pseudophryne_corroboree/Pseudophryne_corroboree.denovo' 2> /user/brussel/109/vsc10945/home/scratch/AmphibianTELibrary/LOGS/edta/edta_Pseudophryne_corroboree.log
        
Submitted job 85 with external jobid 'Submitted batch job 11871772'.

[Wed Apr 15 23:23:03 2026]
rule edta:
    input: /user/brussel/109/vsc10945/home/scratch/AmphibianTELibrary/Genomes/Pelobates_fuscus/Pelobates_fuscus_headers.fna
    output: /user/brussel/109/vsc10945/home/scratch/AmphibianTELibrary/Genomes/Pelobates_fuscus/Pelobates_fuscus.denovo
    log: /user/brussel/109/vsc10945/home/scratch/AmphibianTELibrary/LOGS/edta/edta_Pelobates_fuscus.log
    jobid: 115
    reason: Missing output files: /user/brussel/109/vsc10945/home/scratch/AmphibianTELibrary/Genomes/Pelobates_fuscus/Pelobates_fuscus.denovo
    wildcards: species=Pelobates_fuscus
    resources: mem_mb=6965, mem_mib=6643, disk_mb=100000, disk_mib=95368, tmpdir=<TBD>, nodes=1, tasks=1, cpus_per_task=64, mem_mb_per_cpu=7000, runtime=7200, partition=zen4,zen5_mpi


        CDS=$(find /user/brussel/109/vsc10945/home/scratch/AmphibianTELibrary/Genomes/Pelobates_fuscus -name '*cds*.fna' | head -1)
        PYTHONNOUSERSITE=1 apptainer exec /apps/brussel/containers/edta/EDTA-2.3.0--hdfd78af_0.sif bash -c             'export LC_ALL=C LANG=C LANGUAGE=C && unset -f which && EDTA.pl             --genome /user/brussel/109/vsc10945/home/scratch/AmphibianTELibrary/Genomes/Pelobates_fuscus/Pelobates_fuscus_headers.fna             --cds '"$CDS"'             --curatedlib /user/brussel/109/vsc10945/home/scratch/TE/Libraries/repbase/31/RepBase31.03.fasta/vrtrep.ref             --overwrite 0             --sensitive 0             --anno 1             --evaluate 1             --threads 64 > /user/brussel/109/vsc10945/home/scratch/AmphibianTELibrary/Genomes/Pelobates_fuscus/Pelobates_fuscus.denovo' 2> /user/brussel/109/vsc10945/home/scratch/AmphibianTELibrary/LOGS/edta/edta_Pelobates_fuscus.log
        
Submitted job 115 with external jobid 'Submitted batch job 11871773'.

[Wed Apr 15 23:23:03 2026]
rule edta:
    input: /user/brussel/109/vsc10945/home/scratch/AmphibianTELibrary/Genomes/Leptobrachium_boringii/Leptobrachium_boringii_headers.fna
    output: /user/brussel/109/vsc10945/home/scratch/AmphibianTELibrary/Genomes/Leptobrachium_boringii/Leptobrachium_boringii.denovo
    log: /user/brussel/109/vsc10945/home/scratch/AmphibianTELibrary/LOGS/edta/edta_Leptobrachium_boringii.log
    jobid: 27
    reason: Missing output files: /user/brussel/109/vsc10945/home/scratch/AmphibianTELibrary/Genomes/Leptobrachium_boringii/Leptobrachium_boringii.denovo
    wildcards: species=Leptobrachium_boringii
    resources: mem_mb=6513, mem_mib=6212, disk_mb=100000, disk_mib=95368, tmpdir=<TBD>, nodes=1, tasks=1, cpus_per_task=64, mem_mb_per_cpu=7000, runtime=7200, partition=zen4,zen5_mpi


        CDS=$(find /user/brussel/109/vsc10945/home/scratch/AmphibianTELibrary/Genomes/Leptobrachium_boringii -name '*cds*.fna' | head -1)
        PYTHONNOUSERSITE=1 apptainer exec /apps/brussel/containers/edta/EDTA-2.3.0--hdfd78af_0.sif bash -c             'export LC_ALL=C LANG=C LANGUAGE=C && unset -f which && EDTA.pl             --genome /user/brussel/109/vsc10945/home/scratch/AmphibianTELibrary/Genomes/Leptobrachium_boringii/Leptobrachium_boringii_headers.fna             --cds '"$CDS"'             --curatedlib /user/brussel/109/vsc10945/home/scratch/TE/Libraries/repbase/31/RepBase31.03.fasta/vrtrep.ref             --overwrite 0             --sensitive 0             --anno 1             --evaluate 1             --threads 64 > /user/brussel/109/vsc10945/home/scratch/AmphibianTELibrary/Genomes/Leptobrachium_boringii/Leptobrachium_boringii.denovo' 2> /user/brussel/109/vsc10945/home/scratch/AmphibianTELibrary/LOGS/edta/edta_Leptobrachium_boringii.log
        
Submitted job 27 with external jobid 'Submitted batch job 11871774'.

[Wed Apr 15 23:23:03 2026]
rule edta:
    input: /user/brussel/109/vsc10945/home/scratch/AmphibianTELibrary/Genomes/Anomaloglossus_baeobatrachus/Anomaloglossus_baeobatrachus_headers.fna
    output: /user/brussel/109/vsc10945/home/scratch/AmphibianTELibrary/Genomes/Anomaloglossus_baeobatrachus/Anomaloglossus_baeobatrachus.denovo
    log: /user/brussel/109/vsc10945/home/scratch/AmphibianTELibrary/LOGS/edta/edta_Anomaloglossus_baeobatrachus.log
    jobid: 57
    reason: Missing output files: /user/brussel/109/vsc10945/home/scratch/AmphibianTELibrary/Genomes/Anomaloglossus_baeobatrachus/Anomaloglossus_baeobatrachus.denovo
    wildcards: species=Anomaloglossus_baeobatrachus
    resources: mem_mb=8000, mem_mib=7630, disk_mb=100000, disk_mib=95368, tmpdir=<TBD>, nodes=1, tasks=1, cpus_per_task=64, mem_mb_per_cpu=7000, runtime=7200, partition=zen4,zen5_mpi


        CDS=$(find /user/brussel/109/vsc10945/home/scratch/AmphibianTELibrary/Genomes/Anomaloglossus_baeobatrachus -name '*cds*.fna' | head -1)
        PYTHONNOUSERSITE=1 apptainer exec /apps/brussel/containers/edta/EDTA-2.3.0--hdfd78af_0.sif bash -c             'export LC_ALL=C LANG=C LANGUAGE=C && unset -f which && EDTA.pl             --genome /user/brussel/109/vsc10945/home/scratch/AmphibianTELibrary/Genomes/Anomaloglossus_baeobatrachus/Anomaloglossus_baeobatrachus_headers.fna             --cds '"$CDS"'             --curatedlib /user/brussel/109/vsc10945/home/scratch/TE/Libraries/repbase/31/RepBase31.03.fasta/vrtrep.ref             --overwrite 0             --sensitive 0             --anno 1             --evaluate 1             --threads 64 > /user/brussel/109/vsc10945/home/scratch/AmphibianTELibrary/Genomes/Anomaloglossus_baeobatrachus/Anomaloglossus_baeobatrachus.denovo' 2> /user/brussel/109/vsc10945/home/scratch/AmphibianTELibrary/LOGS/edta/edta_Anomaloglossus_baeobatrachus.log
        
Submitted job 57 with external jobid 'Submitted batch job 11871775'.

[Wed Apr 15 23:23:03 2026]
rule edta:
    input: /user/brussel/109/vsc10945/home/scratch/AmphibianTELibrary/Genomes/Eleutherodactylus_coqui/Eleutherodactylus_coqui_headers.fna
    output: /user/brussel/109/vsc10945/home/scratch/AmphibianTELibrary/Genomes/Eleutherodactylus_coqui/Eleutherodactylus_coqui.denovo
    log: /user/brussel/109/vsc10945/home/scratch/AmphibianTELibrary/LOGS/edta/edta_Eleutherodactylus_coqui.log
    jobid: 87
    reason: Missing output files: /user/brussel/109/vsc10945/home/scratch/AmphibianTELibrary/Genomes/Eleutherodactylus_coqui/Eleutherodactylus_coqui.denovo
    wildcards: species=Eleutherodactylus_coqui
    resources: mem_mb=6511, mem_mib=6210, disk_mb=100000, disk_mib=95368, tmpdir=<TBD>, nodes=1, tasks=1, cpus_per_task=64, mem_mb_per_cpu=7000, runtime=7200, partition=zen4,zen5_mpi


        CDS=$(find /user/brussel/109/vsc10945/home/scratch/AmphibianTELibrary/Genomes/Eleutherodactylus_coqui -name '*cds*.fna' | head -1)
        PYTHONNOUSERSITE=1 apptainer exec /apps/brussel/containers/edta/EDTA-2.3.0--hdfd78af_0.sif bash -c             'export LC_ALL=C LANG=C LANGUAGE=C && unset -f which && EDTA.pl             --genome /user/brussel/109/vsc10945/home/scratch/AmphibianTELibrary/Genomes/Eleutherodactylus_coqui/Eleutherodactylus_coqui_headers.fna             --cds '"$CDS"'             --curatedlib /user/brussel/109/vsc10945/home/scratch/TE/Libraries/repbase/31/RepBase31.03.fasta/vrtrep.ref             --overwrite 0             --sensitive 0             --anno 1             --evaluate 1             --threads 64 > /user/brussel/109/vsc10945/home/scratch/AmphibianTELibrary/Genomes/Eleutherodactylus_coqui/Eleutherodactylus_coqui.denovo' 2> /user/brussel/109/vsc10945/home/scratch/AmphibianTELibrary/LOGS/edta/edta_Eleutherodactylus_coqui.log
        
Submitted job 87 with external jobid 'Submitted batch job 11871776'.

[Wed Apr 15 23:23:04 2026]
rule edta:
    input: /user/brussel/109/vsc10945/home/scratch/AmphibianTELibrary/Genomes/Xenopus_tropicalis/Xenopus_tropicalis_headers.fna
    output: /user/brussel/109/vsc10945/home/scratch/AmphibianTELibrary/Genomes/Xenopus_tropicalis/Xenopus_tropicalis.denovo
    log: /user/brussel/109/vsc10945/home/scratch/AmphibianTELibrary/LOGS/edta/edta_Xenopus_tropicalis.log
    jobid: 117
    reason: Missing output files: /user/brussel/109/vsc10945/home/scratch/AmphibianTELibrary/Genomes/Xenopus_tropicalis/Xenopus_tropicalis.denovo
    wildcards: species=Xenopus_tropicalis
    resources: mem_mb=2803, mem_mib=2674, disk_mb=100000, disk_mib=95368, tmpdir=<TBD>, nodes=1, tasks=1, cpus_per_task=64, mem_mb_per_cpu=7000, runtime=7200, partition=zen4,zen5_mpi


        CDS=$(find /user/brussel/109/vsc10945/home/scratch/AmphibianTELibrary/Genomes/Xenopus_tropicalis -name '*cds*.fna' | head -1)
        PYTHONNOUSERSITE=1 apptainer exec /apps/brussel/containers/edta/EDTA-2.3.0--hdfd78af_0.sif bash -c             'export LC_ALL=C LANG=C LANGUAGE=C && unset -f which && EDTA.pl             --genome /user/brussel/109/vsc10945/home/scratch/AmphibianTELibrary/Genomes/Xenopus_tropicalis/Xenopus_tropicalis_headers.fna             --cds '"$CDS"'             --curatedlib /user/brussel/109/vsc10945/home/scratch/TE/Libraries/repbase/31/RepBase31.03.fasta/vrtrep.ref             --overwrite 0             --sensitive 0             --anno 1             --evaluate 1             --threads 64 > /user/brussel/109/vsc10945/home/scratch/AmphibianTELibrary/Genomes/Xenopus_tropicalis/Xenopus_tropicalis.denovo' 2> /user/brussel/109/vsc10945/home/scratch/AmphibianTELibrary/LOGS/edta/edta_Xenopus_tropicalis.log
        
Submitted job 117 with external jobid 'Submitted batch job 11871777'.

[Wed Apr 15 23:23:04 2026]
rule edta:
    input: /user/brussel/109/vsc10945/home/scratch/AmphibianTELibrary/Genomes/Rana_kukunoris/Rana_kukunoris_headers.fna
    output: /user/brussel/109/vsc10945/home/scratch/AmphibianTELibrary/Genomes/Rana_kukunoris/Rana_kukunoris.denovo
    log: /user/brussel/109/vsc10945/home/scratch/AmphibianTELibrary/LOGS/edta/edta_Rana_kukunoris.log
    jobid: 29
    reason: Missing output files: /user/brussel/109/vsc10945/home/scratch/AmphibianTELibrary/Genomes/Rana_kukunoris/Rana_kukunoris.denovo
    wildcards: species=Rana_kukunoris
    resources: mem_mb=8000, mem_mib=7630, disk_mb=100000, disk_mib=95368, tmpdir=<TBD>, nodes=1, tasks=1, cpus_per_task=64, mem_mb_per_cpu=7000, runtime=7200, partition=zen4,zen5_mpi


        CDS=$(find /user/brussel/109/vsc10945/home/scratch/AmphibianTELibrary/Genomes/Rana_kukunoris -name '*cds*.fna' | head -1)
        PYTHONNOUSERSITE=1 apptainer exec /apps/brussel/containers/edta/EDTA-2.3.0--hdfd78af_0.sif bash -c             'export LC_ALL=C LANG=C LANGUAGE=C && unset -f which && EDTA.pl             --genome /user/brussel/109/vsc10945/home/scratch/AmphibianTELibrary/Genomes/Rana_kukunoris/Rana_kukunoris_headers.fna             --cds '"$CDS"'             --curatedlib /user/brussel/109/vsc10945/home/scratch/TE/Libraries/repbase/31/RepBase31.03.fasta/vrtrep.ref             --overwrite 0             --sensitive 0             --anno 1             --evaluate 1             --threads 64 > /user/brussel/109/vsc10945/home/scratch/AmphibianTELibrary/Genomes/Rana_kukunoris/Rana_kukunoris.denovo' 2> /user/brussel/109/vsc10945/home/scratch/AmphibianTELibrary/LOGS/edta/edta_Rana_kukunoris.log
        
Submitted job 29 with external jobid 'Submitted batch job 11871778'.

[Wed Apr 15 23:23:04 2026]
rule edta:
    input: /user/brussel/109/vsc10945/home/scratch/AmphibianTELibrary/Genomes/Triturus_cristatus/Triturus_cristatus_headers.fna
    output: /user/brussel/109/vsc10945/home/scratch/AmphibianTELibrary/Genomes/Triturus_cristatus/Triturus_cristatus.denovo
    log: /user/brussel/109/vsc10945/home/scratch/AmphibianTELibrary/LOGS/edta/edta_Triturus_cristatus.log
    jobid: 59
    reason: Missing output files: /user/brussel/109/vsc10945/home/scratch/AmphibianTELibrary/Genomes/Triturus_cristatus/Triturus_cristatus.denovo
    wildcards: species=Triturus_cristatus
    resources: mem_mb=8000, mem_mib=7630, disk_mb=100000, disk_mib=95368, tmpdir=<TBD>, nodes=1, tasks=1, cpus_per_task=64, mem_mb_per_cpu=7000, runtime=7200, partition=zen4,zen5_mpi


        CDS=$(find /user/brussel/109/vsc10945/home/scratch/AmphibianTELibrary/Genomes/Triturus_cristatus -name '*cds*.fna' | head -1)
        PYTHONNOUSERSITE=1 apptainer exec /apps/brussel/containers/edta/EDTA-2.3.0--hdfd78af_0.sif bash -c             'export LC_ALL=C LANG=C LANGUAGE=C && unset -f which && EDTA.pl             --genome /user/brussel/109/vsc10945/home/scratch/AmphibianTELibrary/Genomes/Triturus_cristatus/Triturus_cristatus_headers.fna             --cds '"$CDS"'             --curatedlib /user/brussel/109/vsc10945/home/scratch/TE/Libraries/repbase/31/RepBase31.03.fasta/vrtrep.ref             --overwrite 0             --sensitive 0             --anno 1             --evaluate 1             --threads 64 > /user/brussel/109/vsc10945/home/scratch/AmphibianTELibrary/Genomes/Triturus_cristatus/Triturus_cristatus.denovo' 2> /user/brussel/109/vsc10945/home/scratch/AmphibianTELibrary/LOGS/edta/edta_Triturus_cristatus.log
        
Submitted job 59 with external jobid 'Submitted batch job 11871779'.

[Wed Apr 15 23:23:04 2026]
rule edta:
    input: /user/brussel/109/vsc10945/home/scratch/AmphibianTELibrary/Genomes/Leptodactylus_fuscus/Leptodactylus_fuscus_headers.fna
    output: /user/brussel/109/vsc10945/home/scratch/AmphibianTELibrary/Genomes/Leptodactylus_fuscus/Leptodactylus_fuscus.denovo
    log: /user/brussel/109/vsc10945/home/scratch/AmphibianTELibrary/LOGS/edta/edta_Leptodactylus_fuscus.log
    jobid: 89
    reason: Missing output files: /user/brussel/109/vsc10945/home/scratch/AmphibianTELibrary/Genomes/Leptodactylus_fuscus/Leptodactylus_fuscus.denovo
    wildcards: species=Leptodactylus_fuscus
    resources: mem_mb=4245, mem_mib=4049, disk_mb=100000, disk_mib=95368, tmpdir=<TBD>, nodes=1, tasks=1, cpus_per_task=64, mem_mb_per_cpu=7000, runtime=7200, partition=zen4,zen5_mpi


        CDS=$(find /user/brussel/109/vsc10945/home/scratch/AmphibianTELibrary/Genomes/Leptodactylus_fuscus -name '*cds*.fna' | head -1)
        PYTHONNOUSERSITE=1 apptainer exec /apps/brussel/containers/edta/EDTA-2.3.0--hdfd78af_0.sif bash -c             'export LC_ALL=C LANG=C LANGUAGE=C && unset -f which && EDTA.pl             --genome /user/brussel/109/vsc10945/home/scratch/AmphibianTELibrary/Genomes/Leptodactylus_fuscus/Leptodactylus_fuscus_headers.fna             --cds '"$CDS"'             --curatedlib /user/brussel/109/vsc10945/home/scratch/TE/Libraries/repbase/31/RepBase31.03.fasta/vrtrep.ref             --overwrite 0             --sensitive 0             --anno 1             --evaluate 1             --threads 64 > /user/brussel/109/vsc10945/home/scratch/AmphibianTELibrary/Genomes/Leptodactylus_fuscus/Leptodactylus_fuscus.denovo' 2> /user/brussel/109/vsc10945/home/scratch/AmphibianTELibrary/LOGS/edta/edta_Leptodactylus_fuscus.log
        
Submitted job 89 with external jobid 'Submitted batch job 11871780'.

[Wed Apr 15 23:23:04 2026]
rule edta:
    input: /user/brussel/109/vsc10945/home/scratch/AmphibianTELibrary/Genomes/Bombina_bombina/Bombina_bombina_headers.fna
    output: /user/brussel/109/vsc10945/home/scratch/AmphibianTELibrary/Genomes/Bombina_bombina/Bombina_bombina.denovo
    log: /user/brussel/109/vsc10945/home/scratch/AmphibianTELibrary/LOGS/edta/edta_Bombina_bombina.log
    jobid: 119
    reason: Missing output files: /user/brussel/109/vsc10945/home/scratch/AmphibianTELibrary/Genomes/Bombina_bombina/Bombina_bombina.denovo
    wildcards: species=Bombina_bombina
    resources: mem_mb=8000, mem_mib=7630, disk_mb=100000, disk_mib=95368, tmpdir=<TBD>, nodes=1, tasks=1, cpus_per_task=64, mem_mb_per_cpu=7000, runtime=7200, partition=zen4,zen5_mpi


        CDS=$(find /user/brussel/109/vsc10945/home/scratch/AmphibianTELibrary/Genomes/Bombina_bombina -name '*cds*.fna' | head -1)
        PYTHONNOUSERSITE=1 apptainer exec /apps/brussel/containers/edta/EDTA-2.3.0--hdfd78af_0.sif bash -c             'export LC_ALL=C LANG=C LANGUAGE=C && unset -f which && EDTA.pl             --genome /user/brussel/109/vsc10945/home/scratch/AmphibianTELibrary/Genomes/Bombina_bombina/Bombina_bombina_headers.fna             --cds '"$CDS"'             --curatedlib /user/brussel/109/vsc10945/home/scratch/TE/Libraries/repbase/31/RepBase31.03.fasta/vrtrep.ref             --overwrite 0             --sensitive 0             --anno 1             --evaluate 1             --threads 64 > /user/brussel/109/vsc10945/home/scratch/AmphibianTELibrary/Genomes/Bombina_bombina/Bombina_bombina.denovo' 2> /user/brussel/109/vsc10945/home/scratch/AmphibianTELibrary/LOGS/edta/edta_Bombina_bombina.log
        
Submitted job 119 with external jobid 'Submitted batch job 11871781'.

[Wed Apr 15 23:23:04 2026]
rule edta:
    input: /user/brussel/109/vsc10945/home/scratch/AmphibianTELibrary/Genomes/Geotrypetes_seraphini/Geotrypetes_seraphini_headers.fna
    output: /user/brussel/109/vsc10945/home/scratch/AmphibianTELibrary/Genomes/Geotrypetes_seraphini/Geotrypetes_seraphini.denovo
    log: /user/brussel/109/vsc10945/home/scratch/AmphibianTELibrary/LOGS/edta/edta_Geotrypetes_seraphini.log
    jobid: 91
    reason: Missing output files: /user/brussel/109/vsc10945/home/scratch/AmphibianTELibrary/Genomes/Geotrypetes_seraphini/Geotrypetes_seraphini.denovo
    wildcards: species=Geotrypetes_seraphini
    resources: mem_mb=7299, mem_mib=6961, disk_mb=100000, disk_mib=95368, tmpdir=<TBD>, nodes=1, tasks=1, cpus_per_task=64, mem_mb_per_cpu=7000, runtime=7200, partition=zen4,zen5_mpi


        CDS=$(find /user/brussel/109/vsc10945/home/scratch/AmphibianTELibrary/Genomes/Geotrypetes_seraphini -name '*cds*.fna' | head -1)
        PYTHONNOUSERSITE=1 apptainer exec /apps/brussel/containers/edta/EDTA-2.3.0--hdfd78af_0.sif bash -c             'export LC_ALL=C LANG=C LANGUAGE=C && unset -f which && EDTA.pl             --genome /user/brussel/109/vsc10945/home/scratch/AmphibianTELibrary/Genomes/Geotrypetes_seraphini/Geotrypetes_seraphini_headers.fna             --cds '"$CDS"'             --curatedlib /user/brussel/109/vsc10945/home/scratch/TE/Libraries/repbase/31/RepBase31.03.fasta/vrtrep.ref             --overwrite 0             --sensitive 0             --anno 1             --evaluate 1             --threads 64 > /user/brussel/109/vsc10945/home/scratch/AmphibianTELibrary/Genomes/Geotrypetes_seraphini/Geotrypetes_seraphini.denovo' 2> /user/brussel/109/vsc10945/home/scratch/AmphibianTELibrary/LOGS/edta/edta_Geotrypetes_seraphini.log
        
Submitted job 91 with external jobid 'Submitted batch job 11871782'.

[Wed Apr 15 23:23:04 2026]
rule edta:
    input: /user/brussel/109/vsc10945/home/scratch/AmphibianTELibrary/Genomes/Ambystoma_mexicanum/Ambystoma_mexicanum_headers.fna
    output: /user/brussel/109/vsc10945/home/scratch/AmphibianTELibrary/Genomes/Ambystoma_mexicanum/Ambystoma_mexicanum.denovo
    log: /user/brussel/109/vsc10945/home/scratch/AmphibianTELibrary/LOGS/edta/edta_Ambystoma_mexicanum.log
    jobid: 121
    reason: Missing output files: /user/brussel/109/vsc10945/home/scratch/AmphibianTELibrary/Genomes/Ambystoma_mexicanum/Ambystoma_mexicanum.denovo
    wildcards: species=Ambystoma_mexicanum
    resources: mem_mb=8000, mem_mib=7630, disk_mb=100000, disk_mib=95368, tmpdir=<TBD>, nodes=1, tasks=1, cpus_per_task=64, mem_mb_per_cpu=7000, runtime=7200, partition=zen4,zen5_mpi


        CDS=$(find /user/brussel/109/vsc10945/home/scratch/AmphibianTELibrary/Genomes/Ambystoma_mexicanum -name '*cds*.fna' | head -1)
        PYTHONNOUSERSITE=1 apptainer exec /apps/brussel/containers/edta/EDTA-2.3.0--hdfd78af_0.sif bash -c             'export LC_ALL=C LANG=C LANGUAGE=C && unset -f which && EDTA.pl             --genome /user/brussel/109/vsc10945/home/scratch/AmphibianTELibrary/Genomes/Ambystoma_mexicanum/Ambystoma_mexicanum_headers.fna             --cds '"$CDS"'             --curatedlib /user/brussel/109/vsc10945/home/scratch/TE/Libraries/repbase/31/RepBase31.03.fasta/vrtrep.ref             --overwrite 0             --sensitive 0             --anno 1             --evaluate 1             --threads 64 > /user/brussel/109/vsc10945/home/scratch/AmphibianTELibrary/Genomes/Ambystoma_mexicanum/Ambystoma_mexicanum.denovo' 2> /user/brussel/109/vsc10945/home/scratch/AmphibianTELibrary/LOGS/edta/edta_Ambystoma_mexicanum.log
        
Submitted job 121 with external jobid 'Submitted batch job 11871783'.

[Wed Apr 15 23:23:04 2026]
rule edta:
    input: /user/brussel/109/vsc10945/home/scratch/AmphibianTELibrary/Genomes/Bufotes_viridis/Bufotes_viridis_headers.fna
    output: /user/brussel/109/vsc10945/home/scratch/AmphibianTELibrary/Genomes/Bufotes_viridis/Bufotes_viridis.denovo
    log: /user/brussel/109/vsc10945/home/scratch/AmphibianTELibrary/LOGS/edta/edta_Bufotes_viridis.log
    jobid: 61
    reason: Missing output files: /user/brussel/109/vsc10945/home/scratch/AmphibianTELibrary/Genomes/Bufotes_viridis/Bufotes_viridis.denovo
    wildcards: species=Bufotes_viridis
    resources: mem_mb=7333, mem_mib=6994, disk_mb=100000, disk_mib=95368, tmpdir=<TBD>, nodes=1, tasks=1, cpus_per_task=64, mem_mb_per_cpu=7000, runtime=7200, partition=zen4,zen5_mpi


        CDS=$(find /user/brussel/109/vsc10945/home/scratch/AmphibianTELibrary/Genomes/Bufotes_viridis -name '*cds*.fna' | head -1)
        PYTHONNOUSERSITE=1 apptainer exec /apps/brussel/containers/edta/EDTA-2.3.0--hdfd78af_0.sif bash -c             'export LC_ALL=C LANG=C LANGUAGE=C && unset -f which && EDTA.pl             --genome /user/brussel/109/vsc10945/home/scratch/AmphibianTELibrary/Genomes/Bufotes_viridis/Bufotes_viridis_headers.fna             --cds '"$CDS"'             --curatedlib /user/brussel/109/vsc10945/home/scratch/TE/Libraries/repbase/31/RepBase31.03.fasta/vrtrep.ref             --overwrite 0             --sensitive 0             --anno 1             --evaluate 1             --threads 64 > /user/brussel/109/vsc10945/home/scratch/AmphibianTELibrary/Genomes/Bufotes_viridis/Bufotes_viridis.denovo' 2> /user/brussel/109/vsc10945/home/scratch/AmphibianTELibrary/LOGS/edta/edta_Bufotes_viridis.log
        
Submitted job 61 with external jobid 'Submitted batch job 11871784'.

[Wed Apr 15 23:23:04 2026]
rule edta:
    input: /user/brussel/109/vsc10945/home/scratch/AmphibianTELibrary/Genomes/Xenopus_petersii/Xenopus_petersii_headers.fna
    output: /user/brussel/109/vsc10945/home/scratch/AmphibianTELibrary/Genomes/Xenopus_petersii/Xenopus_petersii.denovo
    log: /user/brussel/109/vsc10945/home/scratch/AmphibianTELibrary/LOGS/edta/edta_Xenopus_petersii.log
    jobid: 31
    reason: Missing output files: /user/brussel/109/vsc10945/home/scratch/AmphibianTELibrary/Genomes/Xenopus_petersii/Xenopus_petersii.denovo
    wildcards: species=Xenopus_petersii
    resources: mem_mb=5569, mem_mib=5312, disk_mb=100000, disk_mib=95368, tmpdir=<TBD>, nodes=1, tasks=1, cpus_per_task=64, mem_mb_per_cpu=7000, runtime=7200, partition=zen4,zen5_mpi


        CDS=$(find /user/brussel/109/vsc10945/home/scratch/AmphibianTELibrary/Genomes/Xenopus_petersii -name '*cds*.fna' | head -1)
        PYTHONNOUSERSITE=1 apptainer exec /apps/brussel/containers/edta/EDTA-2.3.0--hdfd78af_0.sif bash -c             'export LC_ALL=C LANG=C LANGUAGE=C && unset -f which && EDTA.pl             --genome /user/brussel/109/vsc10945/home/scratch/AmphibianTELibrary/Genomes/Xenopus_petersii/Xenopus_petersii_headers.fna             --cds '"$CDS"'             --curatedlib /user/brussel/109/vsc10945/home/scratch/TE/Libraries/repbase/31/RepBase31.03.fasta/vrtrep.ref             --overwrite 0             --sensitive 0             --anno 1             --evaluate 1             --threads 64 > /user/brussel/109/vsc10945/home/scratch/AmphibianTELibrary/Genomes/Xenopus_petersii/Xenopus_petersii.denovo' 2> /user/brussel/109/vsc10945/home/scratch/AmphibianTELibrary/LOGS/edta/edta_Xenopus_petersii.log
        
Submitted job 31 with external jobid 'Submitted batch job 11871785'.

[Wed Apr 15 23:23:04 2026]
rule edta:
    input: /user/brussel/109/vsc10945/home/scratch/AmphibianTELibrary/Genomes/Scaphiopus_couchii/Scaphiopus_couchii_headers.fna
    output: /user/brussel/109/vsc10945/home/scratch/AmphibianTELibrary/Genomes/Scaphiopus_couchii/Scaphiopus_couchii.denovo
    log: /user/brussel/109/vsc10945/home/scratch/AmphibianTELibrary/LOGS/edta/edta_Scaphiopus_couchii.log
    jobid: 3
    reason: Missing output files: /user/brussel/109/vsc10945/home/scratch/AmphibianTELibrary/Genomes/Scaphiopus_couchii/Scaphiopus_couchii.denovo
    wildcards: species=Scaphiopus_couchii
    resources: mem_mb=1983, mem_mib=1892, disk_mb=100000, disk_mib=95368, tmpdir=<TBD>, nodes=1, tasks=1, cpus_per_task=64, mem_mb_per_cpu=7000, runtime=7200, partition=zen4,zen5_mpi


        CDS=$(find /user/brussel/109/vsc10945/home/scratch/AmphibianTELibrary/Genomes/Scaphiopus_couchii -name '*cds*.fna' | head -1)
        PYTHONNOUSERSITE=1 apptainer exec /apps/brussel/containers/edta/EDTA-2.3.0--hdfd78af_0.sif bash -c             'export LC_ALL=C LANG=C LANGUAGE=C && unset -f which && EDTA.pl             --genome /user/brussel/109/vsc10945/home/scratch/AmphibianTELibrary/Genomes/Scaphiopus_couchii/Scaphiopus_couchii_headers.fna             --cds '"$CDS"'             --curatedlib /user/brussel/109/vsc10945/home/scratch/TE/Libraries/repbase/31/RepBase31.03.fasta/vrtrep.ref             --overwrite 0             --sensitive 0             --anno 1             --evaluate 1             --threads 64 > /user/brussel/109/vsc10945/home/scratch/AmphibianTELibrary/Genomes/Scaphiopus_couchii/Scaphiopus_couchii.denovo' 2> /user/brussel/109/vsc10945/home/scratch/AmphibianTELibrary/LOGS/edta/edta_Scaphiopus_couchii.log
        
Submitted job 3 with external jobid 'Submitted batch job 11871786'.

[Wed Apr 15 23:23:04 2026]
rule edta:
    input: /user/brussel/109/vsc10945/home/scratch/AmphibianTELibrary/Genomes/Bufo_gargarizans/Bufo_gargarizans_headers.fna
    output: /user/brussel/109/vsc10945/home/scratch/AmphibianTELibrary/Genomes/Bufo_gargarizans/Bufo_gargarizans.denovo
    log: /user/brussel/109/vsc10945/home/scratch/AmphibianTELibrary/LOGS/edta/edta_Bufo_gargarizans.log
    jobid: 33
    reason: Missing output files: /user/brussel/109/vsc10945/home/scratch/AmphibianTELibrary/Genomes/Bufo_gargarizans/Bufo_gargarizans.denovo
    wildcards: species=Bufo_gargarizans
    resources: mem_mb=8000, mem_mib=7630, disk_mb=100000, disk_mib=95368, tmpdir=<TBD>, nodes=1, tasks=1, cpus_per_task=64, mem_mb_per_cpu=7000, runtime=7200, partition=zen4,zen5_mpi


        CDS=$(find /user/brussel/109/vsc10945/home/scratch/AmphibianTELibrary/Genomes/Bufo_gargarizans -name '*cds*.fna' | head -1)
        PYTHONNOUSERSITE=1 apptainer exec /apps/brussel/containers/edta/EDTA-2.3.0--hdfd78af_0.sif bash -c             'export LC_ALL=C LANG=C LANGUAGE=C && unset -f which && EDTA.pl             --genome /user/brussel/109/vsc10945/home/scratch/AmphibianTELibrary/Genomes/Bufo_gargarizans/Bufo_gargarizans_headers.fna             --cds '"$CDS"'             --curatedlib /user/brussel/109/vsc10945/home/scratch/TE/Libraries/repbase/31/RepBase31.03.fasta/vrtrep.ref             --overwrite 0             --sensitive 0             --anno 1             --evaluate 1             --threads 64 > /user/brussel/109/vsc10945/home/scratch/AmphibianTELibrary/Genomes/Bufo_gargarizans/Bufo_gargarizans.denovo' 2> /user/brussel/109/vsc10945/home/scratch/AmphibianTELibrary/LOGS/edta/edta_Bufo_gargarizans.log
        
Submitted job 33 with external jobid 'Submitted batch job 11871787'.

[Wed Apr 15 23:23:04 2026]
rule edta:
    input: /user/brussel/109/vsc10945/home/scratch/AmphibianTELibrary/Genomes/Lissotriton_vulgaris/Lissotriton_vulgaris_headers.fna
    output: /user/brussel/109/vsc10945/home/scratch/AmphibianTELibrary/Genomes/Lissotriton_vulgaris/Lissotriton_vulgaris.denovo
    log: /user/brussel/109/vsc10945/home/scratch/AmphibianTELibrary/LOGS/edta/edta_Lissotriton_vulgaris.log
    jobid: 63
    reason: Missing output files: /user/brussel/109/vsc10945/home/scratch/AmphibianTELibrary/Genomes/Lissotriton_vulgaris/Lissotriton_vulgaris.denovo
    wildcards: species=Lissotriton_vulgaris
    resources: mem_mb=8000, mem_mib=7630, disk_mb=100000, disk_mib=95368, tmpdir=<TBD>, nodes=1, tasks=1, cpus_per_task=64, mem_mb_per_cpu=7000, runtime=7200, partition=zen4,zen5_mpi


        CDS=$(find /user/brussel/109/vsc10945/home/scratch/AmphibianTELibrary/Genomes/Lissotriton_vulgaris -name '*cds*.fna' | head -1)
        PYTHONNOUSERSITE=1 apptainer exec /apps/brussel/containers/edta/EDTA-2.3.0--hdfd78af_0.sif bash -c             'export LC_ALL=C LANG=C LANGUAGE=C && unset -f which && EDTA.pl             --genome /user/brussel/109/vsc10945/home/scratch/AmphibianTELibrary/Genomes/Lissotriton_vulgaris/Lissotriton_vulgaris_headers.fna             --cds '"$CDS"'             --curatedlib /user/brussel/109/vsc10945/home/scratch/TE/Libraries/repbase/31/RepBase31.03.fasta/vrtrep.ref             --overwrite 0             --sensitive 0             --anno 1             --evaluate 1             --threads 64 > /user/brussel/109/vsc10945/home/scratch/AmphibianTELibrary/Genomes/Lissotriton_vulgaris/Lissotriton_vulgaris.denovo' 2> /user/brussel/109/vsc10945/home/scratch/AmphibianTELibrary/LOGS/edta/edta_Lissotriton_vulgaris.log
        
Submitted job 63 with external jobid 'Submitted batch job 11871788'.

[Wed Apr 15 23:23:04 2026]
rule edta:
    input: /user/brussel/109/vsc10945/home/scratch/AmphibianTELibrary/Genomes/Ascaphus_truei/Ascaphus_truei_headers.fna
    output: /user/brussel/109/vsc10945/home/scratch/AmphibianTELibrary/Genomes/Ascaphus_truei/Ascaphus_truei.denovo
    log: /user/brussel/109/vsc10945/home/scratch/AmphibianTELibrary/LOGS/edta/edta_Ascaphus_truei.log
    jobid: 93
    reason: Missing output files: /user/brussel/109/vsc10945/home/scratch/AmphibianTELibrary/Genomes/Ascaphus_truei/Ascaphus_truei.denovo
    wildcards: species=Ascaphus_truei
    resources: mem_mb=7189, mem_mib=6856, disk_mb=100000, disk_mib=95368, tmpdir=<TBD>, nodes=1, tasks=1, cpus_per_task=64, mem_mb_per_cpu=7000, runtime=7200, partition=zen4,zen5_mpi


        CDS=$(find /user/brussel/109/vsc10945/home/scratch/AmphibianTELibrary/Genomes/Ascaphus_truei -name '*cds*.fna' | head -1)
        PYTHONNOUSERSITE=1 apptainer exec /apps/brussel/containers/edta/EDTA-2.3.0--hdfd78af_0.sif bash -c             'export LC_ALL=C LANG=C LANGUAGE=C && unset -f which && EDTA.pl             --genome /user/brussel/109/vsc10945/home/scratch/AmphibianTELibrary/Genomes/Ascaphus_truei/Ascaphus_truei_headers.fna             --cds '"$CDS"'             --curatedlib /user/brussel/109/vsc10945/home/scratch/TE/Libraries/repbase/31/RepBase31.03.fasta/vrtrep.ref             --overwrite 0             --sensitive 0             --anno 1             --evaluate 1             --threads 64 > /user/brussel/109/vsc10945/home/scratch/AmphibianTELibrary/Genomes/Ascaphus_truei/Ascaphus_truei.denovo' 2> /user/brussel/109/vsc10945/home/scratch/AmphibianTELibrary/LOGS/edta/edta_Ascaphus_truei.log
        
Submitted job 93 with external jobid 'Submitted batch job 11871789'.

[Wed Apr 15 23:23:05 2026]
rule edta:
    input: /user/brussel/109/vsc10945/home/scratch/AmphibianTELibrary/Genomes/Rana_temporaria/Rana_temporaria_headers.fna
    output: /user/brussel/109/vsc10945/home/scratch/AmphibianTELibrary/Genomes/Rana_temporaria/Rana_temporaria.denovo
    log: /user/brussel/109/vsc10945/home/scratch/AmphibianTELibrary/LOGS/edta/edta_Rana_temporaria.log
    jobid: 123
    reason: Missing output files: /user/brussel/109/vsc10945/home/scratch/AmphibianTELibrary/Genomes/Rana_temporaria/Rana_temporaria.denovo
    wildcards: species=Rana_temporaria
    resources: mem_mb=7940, mem_mib=7573, disk_mb=100000, disk_mib=95368, tmpdir=<TBD>, nodes=1, tasks=1, cpus_per_task=64, mem_mb_per_cpu=7000, runtime=7200, partition=zen4,zen5_mpi


        CDS=$(find /user/brussel/109/vsc10945/home/scratch/AmphibianTELibrary/Genomes/Rana_temporaria -name '*cds*.fna' | head -1)
        PYTHONNOUSERSITE=1 apptainer exec /apps/brussel/containers/edta/EDTA-2.3.0--hdfd78af_0.sif bash -c             'export LC_ALL=C LANG=C LANGUAGE=C && unset -f which && EDTA.pl             --genome /user/brussel/109/vsc10945/home/scratch/AmphibianTELibrary/Genomes/Rana_temporaria/Rana_temporaria_headers.fna             --cds '"$CDS"'             --curatedlib /user/brussel/109/vsc10945/home/scratch/TE/Libraries/repbase/31/RepBase31.03.fasta/vrtrep.ref             --overwrite 0             --sensitive 0             --anno 1             --evaluate 1             --threads 64 > /user/brussel/109/vsc10945/home/scratch/AmphibianTELibrary/Genomes/Rana_temporaria/Rana_temporaria.denovo' 2> /user/brussel/109/vsc10945/home/scratch/AmphibianTELibrary/LOGS/edta/edta_Rana_temporaria.log
        
Submitted job 123 with external jobid 'Submitted batch job 11871790'.

[Wed Apr 15 23:23:05 2026]
rule edta:
    input: /user/brussel/109/vsc10945/home/scratch/AmphibianTELibrary/Genomes/Hyla_sarda/Hyla_sarda_headers.fna
    output: /user/brussel/109/vsc10945/home/scratch/AmphibianTELibrary/Genomes/Hyla_sarda/Hyla_sarda.denovo
    log: /user/brussel/109/vsc10945/home/scratch/AmphibianTELibrary/LOGS/edta/edta_Hyla_sarda.log
    jobid: 5
    reason: Missing output files: /user/brussel/109/vsc10945/home/scratch/AmphibianTELibrary/Genomes/Hyla_sarda/Hyla_sarda.denovo
    wildcards: species=Hyla_sarda
    resources: mem_mb=7999, mem_mib=7629, disk_mb=100000, disk_mib=95368, tmpdir=<TBD>, nodes=1, tasks=1, cpus_per_task=64, mem_mb_per_cpu=7000, runtime=7200, partition=zen4,zen5_mpi


        CDS=$(find /user/brussel/109/vsc10945/home/scratch/AmphibianTELibrary/Genomes/Hyla_sarda -name '*cds*.fna' | head -1)
        PYTHONNOUSERSITE=1 apptainer exec /apps/brussel/containers/edta/EDTA-2.3.0--hdfd78af_0.sif bash -c             'export LC_ALL=C LANG=C LANGUAGE=C && unset -f which && EDTA.pl             --genome /user/brussel/109/vsc10945/home/scratch/AmphibianTELibrary/Genomes/Hyla_sarda/Hyla_sarda_headers.fna             --cds '"$CDS"'             --curatedlib /user/brussel/109/vsc10945/home/scratch/TE/Libraries/repbase/31/RepBase31.03.fasta/vrtrep.ref             --overwrite 0             --sensitive 0             --anno 1             --evaluate 1             --threads 64 > /user/brussel/109/vsc10945/home/scratch/AmphibianTELibrary/Genomes/Hyla_sarda/Hyla_sarda.denovo' 2> /user/brussel/109/vsc10945/home/scratch/AmphibianTELibrary/LOGS/edta/edta_Hyla_sarda.log
        
Submitted job 5 with external jobid 'Submitted batch job 11871791'.

[Wed Apr 15 23:23:05 2026]
rule edta:
    input: /user/brussel/109/vsc10945/home/scratch/AmphibianTELibrary/Genomes/Lithobates_sylvaticus/Lithobates_sylvaticus_headers.fna
    output: /user/brussel/109/vsc10945/home/scratch/AmphibianTELibrary/Genomes/Lithobates_sylvaticus/Lithobates_sylvaticus.denovo
    log: /user/brussel/109/vsc10945/home/scratch/AmphibianTELibrary/LOGS/edta/edta_Lithobates_sylvaticus.log
    jobid: 1
    reason: Missing output files: /user/brussel/109/vsc10945/home/scratch/AmphibianTELibrary/Genomes/Lithobates_sylvaticus/Lithobates_sylvaticus.denovo
    wildcards: species=Lithobates_sylvaticus
    resources: mem_mb=8000, mem_mib=7630, disk_mb=100000, disk_mib=95368, tmpdir=<TBD>, nodes=1, tasks=1, cpus_per_task=64, mem_mb_per_cpu=7000, runtime=7200, partition=zen4,zen5_mpi


        CDS=$(find /user/brussel/109/vsc10945/home/scratch/AmphibianTELibrary/Genomes/Lithobates_sylvaticus -name '*cds*.fna' | head -1)
        PYTHONNOUSERSITE=1 apptainer exec /apps/brussel/containers/edta/EDTA-2.3.0--hdfd78af_0.sif bash -c             'export LC_ALL=C LANG=C LANGUAGE=C && unset -f which && EDTA.pl             --genome /user/brussel/109/vsc10945/home/scratch/AmphibianTELibrary/Genomes/Lithobates_sylvaticus/Lithobates_sylvaticus_headers.fna             --cds '"$CDS"'             --curatedlib /user/brussel/109/vsc10945/home/scratch/TE/Libraries/repbase/31/RepBase31.03.fasta/vrtrep.ref             --overwrite 0             --sensitive 0             --anno 1             --evaluate 1             --threads 64 > /user/brussel/109/vsc10945/home/scratch/AmphibianTELibrary/Genomes/Lithobates_sylvaticus/Lithobates_sylvaticus.denovo' 2> /user/brussel/109/vsc10945/home/scratch/AmphibianTELibrary/LOGS/edta/edta_Lithobates_sylvaticus.log
        
Submitted job 1 with external jobid 'Submitted batch job 11871792'.

[Wed Apr 15 23:23:05 2026]
rule edta:
    input: /user/brussel/109/vsc10945/home/scratch/AmphibianTELibrary/Genomes/Xenopus_borealis/Xenopus_borealis_headers.fna
    output: /user/brussel/109/vsc10945/home/scratch/AmphibianTELibrary/Genomes/Xenopus_borealis/Xenopus_borealis.denovo
    log: /user/brussel/109/vsc10945/home/scratch/AmphibianTELibrary/LOGS/edta/edta_Xenopus_borealis.log
    jobid: 35
    reason: Missing output files: /user/brussel/109/vsc10945/home/scratch/AmphibianTELibrary/Genomes/Xenopus_borealis/Xenopus_borealis.denovo
    wildcards: species=Xenopus_borealis
    resources: mem_mb=5307, mem_mib=5062, disk_mb=100000, disk_mib=95368, tmpdir=<TBD>, nodes=1, tasks=1, cpus_per_task=64, mem_mb_per_cpu=7000, runtime=7200, partition=zen4,zen5_mpi


        CDS=$(find /user/brussel/109/vsc10945/home/scratch/AmphibianTELibrary/Genomes/Xenopus_borealis -name '*cds*.fna' | head -1)
        PYTHONNOUSERSITE=1 apptainer exec /apps/brussel/containers/edta/EDTA-2.3.0--hdfd78af_0.sif bash -c             'export LC_ALL=C LANG=C LANGUAGE=C && unset -f which && EDTA.pl             --genome /user/brussel/109/vsc10945/home/scratch/AmphibianTELibrary/Genomes/Xenopus_borealis/Xenopus_borealis_headers.fna             --cds '"$CDS"'             --curatedlib /user/brussel/109/vsc10945/home/scratch/TE/Libraries/repbase/31/RepBase31.03.fasta/vrtrep.ref             --overwrite 0             --sensitive 0             --anno 1             --evaluate 1             --threads 64 > /user/brussel/109/vsc10945/home/scratch/AmphibianTELibrary/Genomes/Xenopus_borealis/Xenopus_borealis.denovo' 2> /user/brussel/109/vsc10945/home/scratch/AmphibianTELibrary/LOGS/edta/edta_Xenopus_borealis.log
        
Submitted job 35 with external jobid 'Submitted batch job 11871793'.

[Wed Apr 15 23:23:05 2026]
rule edta:
    input: /user/brussel/109/vsc10945/home/scratch/AmphibianTELibrary/Genomes/Spea_bombifrons/Spea_bombifrons_headers.fna
    output: /user/brussel/109/vsc10945/home/scratch/AmphibianTELibrary/Genomes/Spea_bombifrons/Spea_bombifrons.denovo
    log: /user/brussel/109/vsc10945/home/scratch/AmphibianTELibrary/LOGS/edta/edta_Spea_bombifrons.log
    jobid: 65
    reason: Missing output files: /user/brussel/109/vsc10945/home/scratch/AmphibianTELibrary/Genomes/Spea_bombifrons/Spea_bombifrons.denovo
    wildcards: species=Spea_bombifrons
    resources: mem_mb=1907, mem_mib=1819, disk_mb=100000, disk_mib=95368, tmpdir=<TBD>, nodes=1, tasks=1, cpus_per_task=64, mem_mb_per_cpu=7000, runtime=7200, partition=zen4,zen5_mpi


        CDS=$(find /user/brussel/109/vsc10945/home/scratch/AmphibianTELibrary/Genomes/Spea_bombifrons -name '*cds*.fna' | head -1)
        PYTHONNOUSERSITE=1 apptainer exec /apps/brussel/containers/edta/EDTA-2.3.0--hdfd78af_0.sif bash -c             'export LC_ALL=C LANG=C LANGUAGE=C && unset -f which && EDTA.pl             --genome /user/brussel/109/vsc10945/home/scratch/AmphibianTELibrary/Genomes/Spea_bombifrons/Spea_bombifrons_headers.fna             --cds '"$CDS"'             --curatedlib /user/brussel/109/vsc10945/home/scratch/TE/Libraries/repbase/31/RepBase31.03.fasta/vrtrep.ref             --overwrite 0             --sensitive 0             --anno 1             --evaluate 1             --threads 64 > /user/brussel/109/vsc10945/home/scratch/AmphibianTELibrary/Genomes/Spea_bombifrons/Spea_bombifrons.denovo' 2> /user/brussel/109/vsc10945/home/scratch/AmphibianTELibrary/LOGS/edta/edta_Spea_bombifrons.log
        
Submitted job 65 with external jobid 'Submitted batch job 11871794'.

[Wed Apr 15 23:23:05 2026]
rule edta:
    input: /user/brussel/109/vsc10945/home/scratch/AmphibianTELibrary/Genomes/Ranitomeya_variabilis/Ranitomeya_variabilis_headers.fna
    output: /user/brussel/109/vsc10945/home/scratch/AmphibianTELibrary/Genomes/Ranitomeya_variabilis/Ranitomeya_variabilis.denovo
    log: /user/brussel/109/vsc10945/home/scratch/AmphibianTELibrary/LOGS/edta/edta_Ranitomeya_variabilis.log
    jobid: 95
    reason: Missing output files: /user/brussel/109/vsc10945/home/scratch/AmphibianTELibrary/Genomes/Ranitomeya_variabilis/Ranitomeya_variabilis.denovo
    wildcards: species=Ranitomeya_variabilis
    resources: mem_mb=8000, mem_mib=7630, disk_mb=100000, disk_mib=95368, tmpdir=<TBD>, nodes=1, tasks=1, cpus_per_task=64, mem_mb_per_cpu=7000, runtime=7200, partition=zen4,zen5_mpi


        CDS=$(find /user/brussel/109/vsc10945/home/scratch/AmphibianTELibrary/Genomes/Ranitomeya_variabilis -name '*cds*.fna' | head -1)
        PYTHONNOUSERSITE=1 apptainer exec /apps/brussel/containers/edta/EDTA-2.3.0--hdfd78af_0.sif bash -c             'export LC_ALL=C LANG=C LANGUAGE=C && unset -f which && EDTA.pl             --genome /user/brussel/109/vsc10945/home/scratch/AmphibianTELibrary/Genomes/Ranitomeya_variabilis/Ranitomeya_variabilis_headers.fna             --cds '"$CDS"'             --curatedlib /user/brussel/109/vsc10945/home/scratch/TE/Libraries/repbase/31/RepBase31.03.fasta/vrtrep.ref             --overwrite 0             --sensitive 0             --anno 1             --evaluate 1             --threads 64 > /user/brussel/109/vsc10945/home/scratch/AmphibianTELibrary/Genomes/Ranitomeya_variabilis/Ranitomeya_variabilis.denovo' 2> /user/brussel/109/vsc10945/home/scratch/AmphibianTELibrary/LOGS/edta/edta_Ranitomeya_variabilis.log
        
Submitted job 95 with external jobid 'Submitted batch job 11871795'.

[Wed Apr 15 23:23:05 2026]
rule edta:
    input: /user/brussel/109/vsc10945/home/scratch/AmphibianTELibrary/Genomes/Engystomops_pustulosus/Engystomops_pustulosus_headers.fna
    output: /user/brussel/109/vsc10945/home/scratch/AmphibianTELibrary/Genomes/Engystomops_pustulosus/Engystomops_pustulosus.denovo
    log: /user/brussel/109/vsc10945/home/scratch/AmphibianTELibrary/LOGS/edta/edta_Engystomops_pustulosus.log
    jobid: 7
    reason: Missing output files: /user/brussel/109/vsc10945/home/scratch/AmphibianTELibrary/Genomes/Engystomops_pustulosus/Engystomops_pustulosus.denovo
    wildcards: species=Engystomops_pustulosus
    resources: mem_mb=4168, mem_mib=3975, disk_mb=100000, disk_mib=95368, tmpdir=<TBD>, nodes=1, tasks=1, cpus_per_task=64, mem_mb_per_cpu=7000, runtime=7200, partition=zen4,zen5_mpi


        CDS=$(find /user/brussel/109/vsc10945/home/scratch/AmphibianTELibrary/Genomes/Engystomops_pustulosus -name '*cds*.fna' | head -1)
        PYTHONNOUSERSITE=1 apptainer exec /apps/brussel/containers/edta/EDTA-2.3.0--hdfd78af_0.sif bash -c             'export LC_ALL=C LANG=C LANGUAGE=C && unset -f which && EDTA.pl             --genome /user/brussel/109/vsc10945/home/scratch/AmphibianTELibrary/Genomes/Engystomops_pustulosus/Engystomops_pustulosus_headers.fna             --cds '"$CDS"'             --curatedlib /user/brussel/109/vsc10945/home/scratch/TE/Libraries/repbase/31/RepBase31.03.fasta/vrtrep.ref             --overwrite 0             --sensitive 0             --anno 1             --evaluate 1             --threads 64 > /user/brussel/109/vsc10945/home/scratch/AmphibianTELibrary/Genomes/Engystomops_pustulosus/Engystomops_pustulosus.denovo' 2> /user/brussel/109/vsc10945/home/scratch/AmphibianTELibrary/LOGS/edta/edta_Engystomops_pustulosus.log
        
Submitted job 7 with external jobid 'Submitted batch job 11871796'.

[Wed Apr 15 23:23:05 2026]
rule edta:
    input: /user/brussel/109/vsc10945/home/scratch/AmphibianTELibrary/Genomes/Epidalea_calamita/Epidalea_calamita_headers.fna
    output: /user/brussel/109/vsc10945/home/scratch/AmphibianTELibrary/Genomes/Epidalea_calamita/Epidalea_calamita.denovo
    log: /user/brussel/109/vsc10945/home/scratch/AmphibianTELibrary/LOGS/edta/edta_Epidalea_calamita.log
    jobid: 37
    reason: Missing output files: /user/brussel/109/vsc10945/home/scratch/AmphibianTELibrary/Genomes/Epidalea_calamita/Epidalea_calamita.denovo
    wildcards: species=Epidalea_calamita
    resources: mem_mb=7169, mem_mib=6837, disk_mb=100000, disk_mib=95368, tmpdir=<TBD>, nodes=1, tasks=1, cpus_per_task=64, mem_mb_per_cpu=7000, runtime=7200, partition=zen4,zen5_mpi


        CDS=$(find /user/brussel/109/vsc10945/home/scratch/AmphibianTELibrary/Genomes/Epidalea_calamita -name '*cds*.fna' | head -1)
        PYTHONNOUSERSITE=1 apptainer exec /apps/brussel/containers/edta/EDTA-2.3.0--hdfd78af_0.sif bash -c             'export LC_ALL=C LANG=C LANGUAGE=C && unset -f which && EDTA.pl             --genome /user/brussel/109/vsc10945/home/scratch/AmphibianTELibrary/Genomes/Epidalea_calamita/Epidalea_calamita_headers.fna             --cds '"$CDS"'             --curatedlib /user/brussel/109/vsc10945/home/scratch/TE/Libraries/repbase/31/RepBase31.03.fasta/vrtrep.ref             --overwrite 0             --sensitive 0             --anno 1             --evaluate 1             --threads 64 > /user/brussel/109/vsc10945/home/scratch/AmphibianTELibrary/Genomes/Epidalea_calamita/Epidalea_calamita.denovo' 2> /user/brussel/109/vsc10945/home/scratch/AmphibianTELibrary/LOGS/edta/edta_Epidalea_calamita.log
        
Submitted job 37 with external jobid 'Submitted batch job 11871797'.

[Wed Apr 15 23:23:05 2026]
rule edta:
    input: /user/brussel/109/vsc10945/home/scratch/AmphibianTELibrary/Genomes/Pelophylax_lessonae/Pelophylax_lessonae_headers.fna
    output: /user/brussel/109/vsc10945/home/scratch/AmphibianTELibrary/Genomes/Pelophylax_lessonae/Pelophylax_lessonae.denovo
    log: /user/brussel/109/vsc10945/home/scratch/AmphibianTELibrary/LOGS/edta/edta_Pelophylax_lessonae.log
    jobid: 67
    reason: Missing output files: /user/brussel/109/vsc10945/home/scratch/AmphibianTELibrary/Genomes/Pelophylax_lessonae/Pelophylax_lessonae.denovo
    wildcards: species=Pelophylax_lessonae
    resources: mem_mb=8000, mem_mib=7630, disk_mb=100000, disk_mib=95368, tmpdir=<TBD>, nodes=1, tasks=1, cpus_per_task=64, mem_mb_per_cpu=7000, runtime=7200, partition=zen4,zen5_mpi


        CDS=$(find /user/brussel/109/vsc10945/home/scratch/AmphibianTELibrary/Genomes/Pelophylax_lessonae -name '*cds*.fna' | head -1)
        PYTHONNOUSERSITE=1 apptainer exec /apps/brussel/containers/edta/EDTA-2.3.0--hdfd78af_0.sif bash -c             'export LC_ALL=C LANG=C LANGUAGE=C && unset -f which && EDTA.pl             --genome /user/brussel/109/vsc10945/home/scratch/AmphibianTELibrary/Genomes/Pelophylax_lessonae/Pelophylax_lessonae_headers.fna             --cds '"$CDS"'             --curatedlib /user/brussel/109/vsc10945/home/scratch/TE/Libraries/repbase/31/RepBase31.03.fasta/vrtrep.ref             --overwrite 0             --sensitive 0             --anno 1             --evaluate 1             --threads 64 > /user/brussel/109/vsc10945/home/scratch/AmphibianTELibrary/Genomes/Pelophylax_lessonae/Pelophylax_lessonae.denovo' 2> /user/brussel/109/vsc10945/home/scratch/AmphibianTELibrary/LOGS/edta/edta_Pelophylax_lessonae.log
        
Submitted job 67 with external jobid 'Submitted batch job 11871798'.

[Wed Apr 15 23:23:05 2026]
rule edta:
    input: /user/brussel/109/vsc10945/home/scratch/AmphibianTELibrary/Genomes/Pelophylax_nigromaculatus/Pelophylax_nigromaculatus_headers.fna
    output: /user/brussel/109/vsc10945/home/scratch/AmphibianTELibrary/Genomes/Pelophylax_nigromaculatus/Pelophylax_nigromaculatus.denovo
    log: /user/brussel/109/vsc10945/home/scratch/AmphibianTELibrary/LOGS/edta/edta_Pelophylax_nigromaculatus.log
    jobid: 97
    reason: Missing output files: /user/brussel/109/vsc10945/home/scratch/AmphibianTELibrary/Genomes/Pelophylax_nigromaculatus/Pelophylax_nigromaculatus.denovo
    wildcards: species=Pelophylax_nigromaculatus
    resources: mem_mb=8000, mem_mib=7630, disk_mb=100000, disk_mib=95368, tmpdir=<TBD>, nodes=1, tasks=1, cpus_per_task=64, mem_mb_per_cpu=7000, runtime=7200, partition=zen4,zen5_mpi


        CDS=$(find /user/brussel/109/vsc10945/home/scratch/AmphibianTELibrary/Genomes/Pelophylax_nigromaculatus -name '*cds*.fna' | head -1)
        PYTHONNOUSERSITE=1 apptainer exec /apps/brussel/containers/edta/EDTA-2.3.0--hdfd78af_0.sif bash -c             'export LC_ALL=C LANG=C LANGUAGE=C && unset -f which && EDTA.pl             --genome /user/brussel/109/vsc10945/home/scratch/AmphibianTELibrary/Genomes/Pelophylax_nigromaculatus/Pelophylax_nigromaculatus_headers.fna             --cds '"$CDS"'             --curatedlib /user/brussel/109/vsc10945/home/scratch/TE/Libraries/repbase/31/RepBase31.03.fasta/vrtrep.ref             --overwrite 0             --sensitive 0             --anno 1             --evaluate 1             --threads 64 > /user/brussel/109/vsc10945/home/scratch/AmphibianTELibrary/Genomes/Pelophylax_nigromaculatus/Pelophylax_nigromaculatus.denovo' 2> /user/brussel/109/vsc10945/home/scratch/AmphibianTELibrary/LOGS/edta/edta_Pelophylax_nigromaculatus.log
        
Submitted job 97 with external jobid 'Submitted batch job 11871799'.

[Wed Apr 15 23:23:05 2026]
rule edta:
    input: /user/brussel/109/vsc10945/home/scratch/AmphibianTELibrary/Genomes/Dendropsophus_ebraccatus/Dendropsophus_ebraccatus_headers.fna
    output: /user/brussel/109/vsc10945/home/scratch/AmphibianTELibrary/Genomes/Dendropsophus_ebraccatus/Dendropsophus_ebraccatus.denovo
    log: /user/brussel/109/vsc10945/home/scratch/AmphibianTELibrary/LOGS/edta/edta_Dendropsophus_ebraccatus.log
    jobid: 113
    reason: Missing output files: /user/brussel/109/vsc10945/home/scratch/AmphibianTELibrary/Genomes/Dendropsophus_ebraccatus/Dendropsophus_ebraccatus.denovo
    wildcards: species=Dendropsophus_ebraccatus
    resources: mem_mb=4278, mem_mib=4080, disk_mb=100000, disk_mib=95368, tmpdir=<TBD>, nodes=1, tasks=1, cpus_per_task=64, mem_mb_per_cpu=7000, runtime=7200, partition=zen4,zen5_mpi


        CDS=$(find /user/brussel/109/vsc10945/home/scratch/AmphibianTELibrary/Genomes/Dendropsophus_ebraccatus -name '*cds*.fna' | head -1)
        PYTHONNOUSERSITE=1 apptainer exec /apps/brussel/containers/edta/EDTA-2.3.0--hdfd78af_0.sif bash -c             'export LC_ALL=C LANG=C LANGUAGE=C && unset -f which && EDTA.pl             --genome /user/brussel/109/vsc10945/home/scratch/AmphibianTELibrary/Genomes/Dendropsophus_ebraccatus/Dendropsophus_ebraccatus_headers.fna             --cds '"$CDS"'             --curatedlib /user/brussel/109/vsc10945/home/scratch/TE/Libraries/repbase/31/RepBase31.03.fasta/vrtrep.ref             --overwrite 0             --sensitive 0             --anno 1             --evaluate 1             --threads 64 > /user/brussel/109/vsc10945/home/scratch/AmphibianTELibrary/Genomes/Dendropsophus_ebraccatus/Dendropsophus_ebraccatus.denovo' 2> /user/brussel/109/vsc10945/home/scratch/AmphibianTELibrary/LOGS/edta/edta_Dendropsophus_ebraccatus.log
        
Submitted job 113 with external jobid 'Submitted batch job 11871800'.

[Wed Apr 15 23:23:05 2026]
rule edta:
    input: /user/brussel/109/vsc10945/home/scratch/AmphibianTELibrary/Genomes/Fejervarya_limnocharis/Fejervarya_limnocharis_headers.fna
    output: /user/brussel/109/vsc10945/home/scratch/AmphibianTELibrary/Genomes/Fejervarya_limnocharis/Fejervarya_limnocharis.denovo
    log: /user/brussel/109/vsc10945/home/scratch/AmphibianTELibrary/LOGS/edta/edta_Fejervarya_limnocharis.log
    jobid: 9
    reason: Missing output files: /user/brussel/109/vsc10945/home/scratch/AmphibianTELibrary/Genomes/Fejervarya_limnocharis/Fejervarya_limnocharis.denovo
    wildcards: species=Fejervarya_limnocharis
    resources: mem_mb=6797, mem_mib=6483, disk_mb=100000, disk_mib=95368, tmpdir=<TBD>, nodes=1, tasks=1, cpus_per_task=64, mem_mb_per_cpu=7000, runtime=7200, partition=zen4,zen5_mpi


        CDS=$(find /user/brussel/109/vsc10945/home/scratch/AmphibianTELibrary/Genomes/Fejervarya_limnocharis -name '*cds*.fna' | head -1)
        PYTHONNOUSERSITE=1 apptainer exec /apps/brussel/containers/edta/EDTA-2.3.0--hdfd78af_0.sif bash -c             'export LC_ALL=C LANG=C LANGUAGE=C && unset -f which && EDTA.pl             --genome /user/brussel/109/vsc10945/home/scratch/AmphibianTELibrary/Genomes/Fejervarya_limnocharis/Fejervarya_limnocharis_headers.fna             --cds '"$CDS"'             --curatedlib /user/brussel/109/vsc10945/home/scratch/TE/Libraries/repbase/31/RepBase31.03.fasta/vrtrep.ref             --overwrite 0             --sensitive 0             --anno 1             --evaluate 1             --threads 64 > /user/brussel/109/vsc10945/home/scratch/AmphibianTELibrary/Genomes/Fejervarya_limnocharis/Fejervarya_limnocharis.denovo' 2> /user/brussel/109/vsc10945/home/scratch/AmphibianTELibrary/LOGS/edta/edta_Fejervarya_limnocharis.log
        
Submitted job 9 with external jobid 'Submitted batch job 11871801'.

[Wed Apr 15 23:23:06 2026]
rule edta:
    input: /user/brussel/109/vsc10945/home/scratch/AmphibianTELibrary/Genomes/Eleutherodactylus_marnockii/Eleutherodactylus_marnockii_headers.fna
    output: /user/brussel/109/vsc10945/home/scratch/AmphibianTELibrary/Genomes/Eleutherodactylus_marnockii/Eleutherodactylus_marnockii.denovo
    log: /user/brussel/109/vsc10945/home/scratch/AmphibianTELibrary/LOGS/edta/edta_Eleutherodactylus_marnockii.log
    jobid: 39
    reason: Missing output files: /user/brussel/109/vsc10945/home/scratch/AmphibianTELibrary/Genomes/Eleutherodactylus_marnockii/Eleutherodactylus_marnockii.denovo
    wildcards: species=Eleutherodactylus_marnockii
    resources: mem_mb=8000, mem_mib=7630, disk_mb=100000, disk_mib=95368, tmpdir=<TBD>, nodes=1, tasks=1, cpus_per_task=64, mem_mb_per_cpu=7000, runtime=7200, partition=zen4,zen5_mpi


        CDS=$(find /user/brussel/109/vsc10945/home/scratch/AmphibianTELibrary/Genomes/Eleutherodactylus_marnockii -name '*cds*.fna' | head -1)
        PYTHONNOUSERSITE=1 apptainer exec /apps/brussel/containers/edta/EDTA-2.3.0--hdfd78af_0.sif bash -c             'export LC_ALL=C LANG=C LANGUAGE=C && unset -f which && EDTA.pl             --genome /user/brussel/109/vsc10945/home/scratch/AmphibianTELibrary/Genomes/Eleutherodactylus_marnockii/Eleutherodactylus_marnockii_headers.fna             --cds '"$CDS"'             --curatedlib /user/brussel/109/vsc10945/home/scratch/TE/Libraries/repbase/31/RepBase31.03.fasta/vrtrep.ref             --overwrite 0             --sensitive 0             --anno 1             --evaluate 1             --threads 64 > /user/brussel/109/vsc10945/home/scratch/AmphibianTELibrary/Genomes/Eleutherodactylus_marnockii/Eleutherodactylus_marnockii.denovo' 2> /user/brussel/109/vsc10945/home/scratch/AmphibianTELibrary/LOGS/edta/edta_Eleutherodactylus_marnockii.log
        
Submitted job 39 with external jobid 'Submitted batch job 11871802'.

[Wed Apr 15 23:23:06 2026]
rule edta:
    input: /user/brussel/109/vsc10945/home/scratch/AmphibianTELibrary/Genomes/Spea_multiplicata/Spea_multiplicata_headers.fna
    output: /user/brussel/109/vsc10945/home/scratch/AmphibianTELibrary/Genomes/Spea_multiplicata/Spea_multiplicata.denovo
    log: /user/brussel/109/vsc10945/home/scratch/AmphibianTELibrary/LOGS/edta/edta_Spea_multiplicata.log
    jobid: 69
    reason: Missing output files: /user/brussel/109/vsc10945/home/scratch/AmphibianTELibrary/Genomes/Spea_multiplicata/Spea_multiplicata.denovo
    wildcards: species=Spea_multiplicata
    resources: mem_mb=1853, mem_mib=1768, disk_mb=100000, disk_mib=95368, tmpdir=<TBD>, nodes=1, tasks=1, cpus_per_task=64, mem_mb_per_cpu=7000, runtime=7200, partition=zen4,zen5_mpi


        CDS=$(find /user/brussel/109/vsc10945/home/scratch/AmphibianTELibrary/Genomes/Spea_multiplicata -name '*cds*.fna' | head -1)
        PYTHONNOUSERSITE=1 apptainer exec /apps/brussel/containers/edta/EDTA-2.3.0--hdfd78af_0.sif bash -c             'export LC_ALL=C LANG=C LANGUAGE=C && unset -f which && EDTA.pl             --genome /user/brussel/109/vsc10945/home/scratch/AmphibianTELibrary/Genomes/Spea_multiplicata/Spea_multiplicata_headers.fna             --cds '"$CDS"'             --curatedlib /user/brussel/109/vsc10945/home/scratch/TE/Libraries/repbase/31/RepBase31.03.fasta/vrtrep.ref             --overwrite 0             --sensitive 0             --anno 1             --evaluate 1             --threads 64 > /user/brussel/109/vsc10945/home/scratch/AmphibianTELibrary/Genomes/Spea_multiplicata/Spea_multiplicata.denovo' 2> /user/brussel/109/vsc10945/home/scratch/AmphibianTELibrary/LOGS/edta/edta_Spea_multiplicata.log
        
Submitted job 69 with external jobid 'Submitted batch job 11871803'.

[Wed Apr 15 23:23:06 2026]
rule edta:
    input: /user/brussel/109/vsc10945/home/scratch/AmphibianTELibrary/Genomes/Desmognathus_fuscus/Desmognathus_fuscus_headers.fna
    output: /user/brussel/109/vsc10945/home/scratch/AmphibianTELibrary/Genomes/Desmognathus_fuscus/Desmognathus_fuscus.denovo
    log: /user/brussel/109/vsc10945/home/scratch/AmphibianTELibrary/LOGS/edta/edta_Desmognathus_fuscus.log
    jobid: 99
    reason: Missing output files: /user/brussel/109/vsc10945/home/scratch/AmphibianTELibrary/Genomes/Desmognathus_fuscus/Desmognathus_fuscus.denovo
    wildcards: species=Desmognathus_fuscus
    resources: mem_mb=8000, mem_mib=7630, disk_mb=100000, disk_mib=95368, tmpdir=<TBD>, nodes=1, tasks=1, cpus_per_task=64, mem_mb_per_cpu=7000, runtime=7200, partition=zen4,zen5_mpi


        CDS=$(find /user/brussel/109/vsc10945/home/scratch/AmphibianTELibrary/Genomes/Desmognathus_fuscus -name '*cds*.fna' | head -1)
        PYTHONNOUSERSITE=1 apptainer exec /apps/brussel/containers/edta/EDTA-2.3.0--hdfd78af_0.sif bash -c             'export LC_ALL=C LANG=C LANGUAGE=C && unset -f which && EDTA.pl             --genome /user/brussel/109/vsc10945/home/scratch/AmphibianTELibrary/Genomes/Desmognathus_fuscus/Desmognathus_fuscus_headers.fna             --cds '"$CDS"'             --curatedlib /user/brussel/109/vsc10945/home/scratch/TE/Libraries/repbase/31/RepBase31.03.fasta/vrtrep.ref             --overwrite 0             --sensitive 0             --anno 1             --evaluate 1             --threads 64 > /user/brussel/109/vsc10945/home/scratch/AmphibianTELibrary/Genomes/Desmognathus_fuscus/Desmognathus_fuscus.denovo' 2> /user/brussel/109/vsc10945/home/scratch/AmphibianTELibrary/LOGS/edta/edta_Desmognathus_fuscus.log
        
Submitted job 99 with external jobid 'Submitted batch job 11871804'.

[Wed Apr 15 23:23:06 2026]
rule edta:
    input: /user/brussel/109/vsc10945/home/scratch/AmphibianTELibrary/Genomes/Ranitomeya_imitator/Ranitomeya_imitator_headers.fna
    output: /user/brussel/109/vsc10945/home/scratch/AmphibianTELibrary/Genomes/Ranitomeya_imitator/Ranitomeya_imitator.denovo
    log: /user/brussel/109/vsc10945/home/scratch/AmphibianTELibrary/LOGS/edta/edta_Ranitomeya_imitator.log
    jobid: 11
    reason: Missing output files: /user/brussel/109/vsc10945/home/scratch/AmphibianTELibrary/Genomes/Ranitomeya_imitator/Ranitomeya_imitator.denovo
    wildcards: species=Ranitomeya_imitator
    resources: mem_mb=8000, mem_mib=7630, disk_mb=100000, disk_mib=95368, tmpdir=<TBD>, nodes=1, tasks=1, cpus_per_task=64, mem_mb_per_cpu=7000, runtime=7200, partition=zen4,zen5_mpi


        CDS=$(find /user/brussel/109/vsc10945/home/scratch/AmphibianTELibrary/Genomes/Ranitomeya_imitator -name '*cds*.fna' | head -1)
        PYTHONNOUSERSITE=1 apptainer exec /apps/brussel/containers/edta/EDTA-2.3.0--hdfd78af_0.sif bash -c             'export LC_ALL=C LANG=C LANGUAGE=C && unset -f which && EDTA.pl             --genome /user/brussel/109/vsc10945/home/scratch/AmphibianTELibrary/Genomes/Ranitomeya_imitator/Ranitomeya_imitator_headers.fna             --cds '"$CDS"'             --curatedlib /user/brussel/109/vsc10945/home/scratch/TE/Libraries/repbase/31/RepBase31.03.fasta/vrtrep.ref             --overwrite 0             --sensitive 0             --anno 1             --evaluate 1             --threads 64 > /user/brussel/109/vsc10945/home/scratch/AmphibianTELibrary/Genomes/Ranitomeya_imitator/Ranitomeya_imitator.denovo' 2> /user/brussel/109/vsc10945/home/scratch/AmphibianTELibrary/LOGS/edta/edta_Ranitomeya_imitator.log
        
Submitted job 11 with external jobid 'Submitted batch job 11871805'.

[Wed Apr 15 23:23:06 2026]
rule edta:
    input: /user/brussel/109/vsc10945/home/scratch/AmphibianTELibrary/Genomes/Pelobates_cultripes/Pelobates_cultripes_headers.fna
    output: /user/brussel/109/vsc10945/home/scratch/AmphibianTELibrary/Genomes/Pelobates_cultripes/Pelobates_cultripes.denovo
    log: /user/brussel/109/vsc10945/home/scratch/AmphibianTELibrary/LOGS/edta/edta_Pelobates_cultripes.log
    jobid: 41
    reason: Missing output files: /user/brussel/109/vsc10945/home/scratch/AmphibianTELibrary/Genomes/Pelobates_cultripes/Pelobates_cultripes.denovo
    wildcards: species=Pelobates_cultripes
    resources: mem_mb=5977, mem_mib=5701, disk_mb=100000, disk_mib=95368, tmpdir=<TBD>, nodes=1, tasks=1, cpus_per_task=64, mem_mb_per_cpu=7000, runtime=7200, partition=zen4,zen5_mpi


        CDS=$(find /user/brussel/109/vsc10945/home/scratch/AmphibianTELibrary/Genomes/Pelobates_cultripes -name '*cds*.fna' | head -1)
        PYTHONNOUSERSITE=1 apptainer exec /apps/brussel/containers/edta/EDTA-2.3.0--hdfd78af_0.sif bash -c             'export LC_ALL=C LANG=C LANGUAGE=C && unset -f which && EDTA.pl             --genome /user/brussel/109/vsc10945/home/scratch/AmphibianTELibrary/Genomes/Pelobates_cultripes/Pelobates_cultripes_headers.fna             --cds '"$CDS"'             --curatedlib /user/brussel/109/vsc10945/home/scratch/TE/Libraries/repbase/31/RepBase31.03.fasta/vrtrep.ref             --overwrite 0             --sensitive 0             --anno 1             --evaluate 1             --threads 64 > /user/brussel/109/vsc10945/home/scratch/AmphibianTELibrary/Genomes/Pelobates_cultripes/Pelobates_cultripes.denovo' 2> /user/brussel/109/vsc10945/home/scratch/AmphibianTELibrary/LOGS/edta/edta_Pelobates_cultripes.log
        
Submitted job 41 with external jobid 'Submitted batch job 11871806'.

[Wed Apr 15 23:23:06 2026]
rule edta:
    input: /user/brussel/109/vsc10945/home/scratch/AmphibianTELibrary/Genomes/Ptychadena_robeensis/Ptychadena_robeensis_headers.fna
    output: /user/brussel/109/vsc10945/home/scratch/AmphibianTELibrary/Genomes/Ptychadena_robeensis/Ptychadena_robeensis.denovo
    log: /user/brussel/109/vsc10945/home/scratch/AmphibianTELibrary/LOGS/edta/edta_Ptychadena_robeensis.log
    jobid: 71
    reason: Missing output files: /user/brussel/109/vsc10945/home/scratch/AmphibianTELibrary/Genomes/Ptychadena_robeensis/Ptychadena_robeensis.denovo
    wildcards: species=Ptychadena_robeensis
    resources: mem_mb=3073, mem_mib=2931, disk_mb=100000, disk_mib=95368, tmpdir=<TBD>, nodes=1, tasks=1, cpus_per_task=64, mem_mb_per_cpu=7000, runtime=7200, partition=zen4,zen5_mpi


        CDS=$(find /user/brussel/109/vsc10945/home/scratch/AmphibianTELibrary/Genomes/Ptychadena_robeensis -name '*cds*.fna' | head -1)
        PYTHONNOUSERSITE=1 apptainer exec /apps/brussel/containers/edta/EDTA-2.3.0--hdfd78af_0.sif bash -c             'export LC_ALL=C LANG=C LANGUAGE=C && unset -f which && EDTA.pl             --genome /user/brussel/109/vsc10945/home/scratch/AmphibianTELibrary/Genomes/Ptychadena_robeensis/Ptychadena_robeensis_headers.fna             --cds '"$CDS"'             --curatedlib /user/brussel/109/vsc10945/home/scratch/TE/Libraries/repbase/31/RepBase31.03.fasta/vrtrep.ref             --overwrite 0             --sensitive 0             --anno 1             --evaluate 1             --threads 64 > /user/brussel/109/vsc10945/home/scratch/AmphibianTELibrary/Genomes/Ptychadena_robeensis/Ptychadena_robeensis.denovo' 2> /user/brussel/109/vsc10945/home/scratch/AmphibianTELibrary/LOGS/edta/edta_Ptychadena_robeensis.log
        
Submitted job 71 with external jobid 'Submitted batch job 11871807'.

[Wed Apr 15 23:23:06 2026]
rule edta:
    input: /user/brussel/109/vsc10945/home/scratch/AmphibianTELibrary/Genomes/Rana_muscosa/Rana_muscosa_headers.fna
    output: /user/brussel/109/vsc10945/home/scratch/AmphibianTELibrary/Genomes/Rana_muscosa/Rana_muscosa.denovo
    log: /user/brussel/109/vsc10945/home/scratch/AmphibianTELibrary/LOGS/edta/edta_Rana_muscosa.log
    jobid: 101
    reason: Missing output files: /user/brussel/109/vsc10945/home/scratch/AmphibianTELibrary/Genomes/Rana_muscosa/Rana_muscosa.denovo
    wildcards: species=Rana_muscosa
    resources: mem_mb=8000, mem_mib=7630, disk_mb=100000, disk_mib=95368, tmpdir=<TBD>, nodes=1, tasks=1, cpus_per_task=64, mem_mb_per_cpu=7000, runtime=7200, partition=zen4,zen5_mpi


        CDS=$(find /user/brussel/109/vsc10945/home/scratch/AmphibianTELibrary/Genomes/Rana_muscosa -name '*cds*.fna' | head -1)
        PYTHONNOUSERSITE=1 apptainer exec /apps/brussel/containers/edta/EDTA-2.3.0--hdfd78af_0.sif bash -c             'export LC_ALL=C LANG=C LANGUAGE=C && unset -f which && EDTA.pl             --genome /user/brussel/109/vsc10945/home/scratch/AmphibianTELibrary/Genomes/Rana_muscosa/Rana_muscosa_headers.fna             --cds '"$CDS"'             --curatedlib /user/brussel/109/vsc10945/home/scratch/TE/Libraries/repbase/31/RepBase31.03.fasta/vrtrep.ref             --overwrite 0             --sensitive 0             --anno 1             --evaluate 1             --threads 64 > /user/brussel/109/vsc10945/home/scratch/AmphibianTELibrary/Genomes/Rana_muscosa/Rana_muscosa.denovo' 2> /user/brussel/109/vsc10945/home/scratch/AmphibianTELibrary/LOGS/edta/edta_Rana_muscosa.log
        
Submitted job 101 with external jobid 'Submitted batch job 11871808'.

[Wed Apr 15 23:23:06 2026]
rule edta:
    input: /user/brussel/109/vsc10945/home/scratch/AmphibianTELibrary/Genomes/Gastrophryne_carolinensis/Gastrophryne_carolinensis_headers.fna
    output: /user/brussel/109/vsc10945/home/scratch/AmphibianTELibrary/Genomes/Gastrophryne_carolinensis/Gastrophryne_carolinensis.denovo
    log: /user/brussel/109/vsc10945/home/scratch/AmphibianTELibrary/LOGS/edta/edta_Gastrophryne_carolinensis.log
    jobid: 13
    reason: Missing output files: /user/brussel/109/vsc10945/home/scratch/AmphibianTELibrary/Genomes/Gastrophryne_carolinensis/Gastrophryne_carolinensis.denovo
    wildcards: species=Gastrophryne_carolinensis
    resources: mem_mb=8000, mem_mib=7630, disk_mb=100000, disk_mib=95368, tmpdir=<TBD>, nodes=1, tasks=1, cpus_per_task=64, mem_mb_per_cpu=7000, runtime=7200, partition=zen4,zen5_mpi


        CDS=$(find /user/brussel/109/vsc10945/home/scratch/AmphibianTELibrary/Genomes/Gastrophryne_carolinensis -name '*cds*.fna' | head -1)
        PYTHONNOUSERSITE=1 apptainer exec /apps/brussel/containers/edta/EDTA-2.3.0--hdfd78af_0.sif bash -c             'export LC_ALL=C LANG=C LANGUAGE=C && unset -f which && EDTA.pl             --genome /user/brussel/109/vsc10945/home/scratch/AmphibianTELibrary/Genomes/Gastrophryne_carolinensis/Gastrophryne_carolinensis_headers.fna             --cds '"$CDS"'             --curatedlib /user/brussel/109/vsc10945/home/scratch/TE/Libraries/repbase/31/RepBase31.03.fasta/vrtrep.ref             --overwrite 0             --sensitive 0             --anno 1             --evaluate 1             --threads 64 > /user/brussel/109/vsc10945/home/scratch/AmphibianTELibrary/Genomes/Gastrophryne_carolinensis/Gastrophryne_carolinensis.denovo' 2> /user/brussel/109/vsc10945/home/scratch/AmphibianTELibrary/LOGS/edta/edta_Gastrophryne_carolinensis.log
        
Submitted job 13 with external jobid 'Submitted batch job 11871809'.

[Wed Apr 15 23:23:06 2026]
rule edta:
    input: /user/brussel/109/vsc10945/home/scratch/AmphibianTELibrary/Genomes/Leptobrachium_leishanense/Leptobrachium_leishanense_headers.fna
    output: /user/brussel/109/vsc10945/home/scratch/AmphibianTELibrary/Genomes/Leptobrachium_leishanense/Leptobrachium_leishanense.denovo
    log: /user/brussel/109/vsc10945/home/scratch/AmphibianTELibrary/LOGS/edta/edta_Leptobrachium_leishanense.log
    jobid: 43
    reason: Missing output files: /user/brussel/109/vsc10945/home/scratch/AmphibianTELibrary/Genomes/Leptobrachium_leishanense/Leptobrachium_leishanense.denovo
    wildcards: species=Leptobrachium_leishanense
    resources: mem_mb=6854, mem_mib=6537, disk_mb=100000, disk_mib=95368, tmpdir=<TBD>, nodes=1, tasks=1, cpus_per_task=64, mem_mb_per_cpu=7000, runtime=7200, partition=zen4,zen5_mpi


        CDS=$(find /user/brussel/109/vsc10945/home/scratch/AmphibianTELibrary/Genomes/Leptobrachium_leishanense -name '*cds*.fna' | head -1)
        PYTHONNOUSERSITE=1 apptainer exec /apps/brussel/containers/edta/EDTA-2.3.0--hdfd78af_0.sif bash -c             'export LC_ALL=C LANG=C LANGUAGE=C && unset -f which && EDTA.pl             --genome /user/brussel/109/vsc10945/home/scratch/AmphibianTELibrary/Genomes/Leptobrachium_leishanense/Leptobrachium_leishanense_headers.fna             --cds '"$CDS"'             --curatedlib /user/brussel/109/vsc10945/home/scratch/TE/Libraries/repbase/31/RepBase31.03.fasta/vrtrep.ref             --overwrite 0             --sensitive 0             --anno 1             --evaluate 1             --threads 64 > /user/brussel/109/vsc10945/home/scratch/AmphibianTELibrary/Genomes/Leptobrachium_leishanense/Leptobrachium_leishanense.denovo' 2> /user/brussel/109/vsc10945/home/scratch/AmphibianTELibrary/LOGS/edta/edta_Leptobrachium_leishanense.log
        
Submitted job 43 with external jobid 'Submitted batch job 11871810'.

[Wed Apr 15 23:23:06 2026]
rule edta:
    input: /user/brussel/109/vsc10945/home/scratch/AmphibianTELibrary/Genomes/Rhinatrema_bivittatum/Rhinatrema_bivittatum_headers.fna
    output: /user/brussel/109/vsc10945/home/scratch/AmphibianTELibrary/Genomes/Rhinatrema_bivittatum/Rhinatrema_bivittatum.denovo
    log: /user/brussel/109/vsc10945/home/scratch/AmphibianTELibrary/LOGS/edta/edta_Rhinatrema_bivittatum.log
    jobid: 73
    reason: Missing output files: /user/brussel/109/vsc10945/home/scratch/AmphibianTELibrary/Genomes/Rhinatrema_bivittatum/Rhinatrema_bivittatum.denovo
    wildcards: species=Rhinatrema_bivittatum
    resources: mem_mb=8000, mem_mib=7630, disk_mb=100000, disk_mib=95368, tmpdir=<TBD>, nodes=1, tasks=1, cpus_per_task=64, mem_mb_per_cpu=7000, runtime=7200, partition=zen4,zen5_mpi


        CDS=$(find /user/brussel/109/vsc10945/home/scratch/AmphibianTELibrary/Genomes/Rhinatrema_bivittatum -name '*cds*.fna' | head -1)
        PYTHONNOUSERSITE=1 apptainer exec /apps/brussel/containers/edta/EDTA-2.3.0--hdfd78af_0.sif bash -c             'export LC_ALL=C LANG=C LANGUAGE=C && unset -f which && EDTA.pl             --genome /user/brussel/109/vsc10945/home/scratch/AmphibianTELibrary/Genomes/Rhinatrema_bivittatum/Rhinatrema_bivittatum_headers.fna             --cds '"$CDS"'             --curatedlib /user/brussel/109/vsc10945/home/scratch/TE/Libraries/repbase/31/RepBase31.03.fasta/vrtrep.ref             --overwrite 0             --sensitive 0             --anno 1             --evaluate 1             --threads 64 > /user/brussel/109/vsc10945/home/scratch/AmphibianTELibrary/Genomes/Rhinatrema_bivittatum/Rhinatrema_bivittatum.denovo' 2> /user/brussel/109/vsc10945/home/scratch/AmphibianTELibrary/LOGS/edta/edta_Rhinatrema_bivittatum.log
        
Submitted job 73 with external jobid 'Submitted batch job 11871811'.

[Wed Apr 15 23:23:06 2026]
rule edta:
    input: /user/brussel/109/vsc10945/home/scratch/AmphibianTELibrary/Genomes/Pelodytes_ibericus/Pelodytes_ibericus_headers.fna
    output: /user/brussel/109/vsc10945/home/scratch/AmphibianTELibrary/Genomes/Pelodytes_ibericus/Pelodytes_ibericus.denovo
    log: /user/brussel/109/vsc10945/home/scratch/AmphibianTELibrary/LOGS/edta/edta_Pelodytes_ibericus.log
    jobid: 103
    reason: Missing output files: /user/brussel/109/vsc10945/home/scratch/AmphibianTELibrary/Genomes/Pelodytes_ibericus/Pelodytes_ibericus.denovo
    wildcards: species=Pelodytes_ibericus
    resources: mem_mb=4012, mem_mib=3827, disk_mb=100000, disk_mib=95368, tmpdir=<TBD>, nodes=1, tasks=1, cpus_per_task=64, mem_mb_per_cpu=7000, runtime=7200, partition=zen4,zen5_mpi


        CDS=$(find /user/brussel/109/vsc10945/home/scratch/AmphibianTELibrary/Genomes/Pelodytes_ibericus -name '*cds*.fna' | head -1)
        PYTHONNOUSERSITE=1 apptainer exec /apps/brussel/containers/edta/EDTA-2.3.0--hdfd78af_0.sif bash -c             'export LC_ALL=C LANG=C LANGUAGE=C && unset -f which && EDTA.pl             --genome /user/brussel/109/vsc10945/home/scratch/AmphibianTELibrary/Genomes/Pelodytes_ibericus/Pelodytes_ibericus_headers.fna             --cds '"$CDS"'             --curatedlib /user/brussel/109/vsc10945/home/scratch/TE/Libraries/repbase/31/RepBase31.03.fasta/vrtrep.ref             --overwrite 0             --sensitive 0             --anno 1             --evaluate 1             --threads 64 > /user/brussel/109/vsc10945/home/scratch/AmphibianTELibrary/Genomes/Pelodytes_ibericus/Pelodytes_ibericus.denovo' 2> /user/brussel/109/vsc10945/home/scratch/AmphibianTELibrary/LOGS/edta/edta_Pelodytes_ibericus.log
        
Submitted job 103 with external jobid 'Submitted batch job 11871812'.

[Wed Apr 15 23:23:06 2026]
rule edta:
    input: /user/brussel/109/vsc10945/home/scratch/AmphibianTELibrary/Genomes/Mantella_aurantiaca/Mantella_aurantiaca_headers.fna
    output: /user/brussel/109/vsc10945/home/scratch/AmphibianTELibrary/Genomes/Mantella_aurantiaca/Mantella_aurantiaca.denovo
    log: /user/brussel/109/vsc10945/home/scratch/AmphibianTELibrary/LOGS/edta/edta_Mantella_aurantiaca.log
    jobid: 15
    reason: Missing output files: /user/brussel/109/vsc10945/home/scratch/AmphibianTELibrary/Genomes/Mantella_aurantiaca/Mantella_aurantiaca.denovo
    wildcards: species=Mantella_aurantiaca
    resources: mem_mb=6410, mem_mib=6114, disk_mb=100000, disk_mib=95368, tmpdir=<TBD>, nodes=1, tasks=1, cpus_per_task=64, mem_mb_per_cpu=7000, runtime=7200, partition=zen4,zen5_mpi


        CDS=$(find /user/brussel/109/vsc10945/home/scratch/AmphibianTELibrary/Genomes/Mantella_aurantiaca -name '*cds*.fna' | head -1)
        PYTHONNOUSERSITE=1 apptainer exec /apps/brussel/containers/edta/EDTA-2.3.0--hdfd78af_0.sif bash -c             'export LC_ALL=C LANG=C LANGUAGE=C && unset -f which && EDTA.pl             --genome /user/brussel/109/vsc10945/home/scratch/AmphibianTELibrary/Genomes/Mantella_aurantiaca/Mantella_aurantiaca_headers.fna             --cds '"$CDS"'             --curatedlib /user/brussel/109/vsc10945/home/scratch/TE/Libraries/repbase/31/RepBase31.03.fasta/vrtrep.ref             --overwrite 0             --sensitive 0             --anno 1             --evaluate 1             --threads 64 > /user/brussel/109/vsc10945/home/scratch/AmphibianTELibrary/Genomes/Mantella_aurantiaca/Mantella_aurantiaca.denovo' 2> /user/brussel/109/vsc10945/home/scratch/AmphibianTELibrary/LOGS/edta/edta_Mantella_aurantiaca.log
        
Submitted job 15 with external jobid 'Submitted batch job 11871813'.

[Wed Apr 15 23:23:06 2026]
rule edta:
    input: /user/brussel/109/vsc10945/home/scratch/AmphibianTELibrary/Genomes/Xenopus_laevis/Xenopus_laevis_headers.fna
    output: /user/brussel/109/vsc10945/home/scratch/AmphibianTELibrary/Genomes/Xenopus_laevis/Xenopus_laevis.denovo
    log: /user/brussel/109/vsc10945/home/scratch/AmphibianTELibrary/LOGS/edta/edta_Xenopus_laevis.log
    jobid: 45
    reason: Missing output files: /user/brussel/109/vsc10945/home/scratch/AmphibianTELibrary/Genomes/Xenopus_laevis/Xenopus_laevis.denovo
    wildcards: species=Xenopus_laevis
    resources: mem_mb=5296, mem_mib=5051, disk_mb=100000, disk_mib=95368, tmpdir=<TBD>, nodes=1, tasks=1, cpus_per_task=64, mem_mb_per_cpu=7000, runtime=7200, partition=zen4,zen5_mpi


        CDS=$(find /user/brussel/109/vsc10945/home/scratch/AmphibianTELibrary/Genomes/Xenopus_laevis -name '*cds*.fna' | head -1)
        PYTHONNOUSERSITE=1 apptainer exec /apps/brussel/containers/edta/EDTA-2.3.0--hdfd78af_0.sif bash -c             'export LC_ALL=C LANG=C LANGUAGE=C && unset -f which && EDTA.pl             --genome /user/brussel/109/vsc10945/home/scratch/AmphibianTELibrary/Genomes/Xenopus_laevis/Xenopus_laevis_headers.fna             --cds '"$CDS"'             --curatedlib /user/brussel/109/vsc10945/home/scratch/TE/Libraries/repbase/31/RepBase31.03.fasta/vrtrep.ref             --overwrite 0             --sensitive 0             --anno 1             --evaluate 1             --threads 64 > /user/brussel/109/vsc10945/home/scratch/AmphibianTELibrary/Genomes/Xenopus_laevis/Xenopus_laevis.denovo' 2> /user/brussel/109/vsc10945/home/scratch/AmphibianTELibrary/LOGS/edta/edta_Xenopus_laevis.log
        
Submitted job 45 with external jobid 'Submitted batch job 11871814'.

[Wed Apr 15 23:23:07 2026]
rule edta:
    input: /user/brussel/109/vsc10945/home/scratch/AmphibianTELibrary/Genomes/Microcaecilia_unicolor/Microcaecilia_unicolor_headers.fna
    output: /user/brussel/109/vsc10945/home/scratch/AmphibianTELibrary/Genomes/Microcaecilia_unicolor/Microcaecilia_unicolor.denovo
    log: /user/brussel/109/vsc10945/home/scratch/AmphibianTELibrary/LOGS/edta/edta_Microcaecilia_unicolor.log
    jobid: 75
    reason: Missing output files: /user/brussel/109/vsc10945/home/scratch/AmphibianTELibrary/Genomes/Microcaecilia_unicolor/Microcaecilia_unicolor.denovo
    wildcards: species=Microcaecilia_unicolor
    resources: mem_mb=8000, mem_mib=7630, disk_mb=100000, disk_mib=95368, tmpdir=<TBD>, nodes=1, tasks=1, cpus_per_task=64, mem_mb_per_cpu=7000, runtime=7200, partition=zen4,zen5_mpi


        CDS=$(find /user/brussel/109/vsc10945/home/scratch/AmphibianTELibrary/Genomes/Microcaecilia_unicolor -name '*cds*.fna' | head -1)
        PYTHONNOUSERSITE=1 apptainer exec /apps/brussel/containers/edta/EDTA-2.3.0--hdfd78af_0.sif bash -c             'export LC_ALL=C LANG=C LANGUAGE=C && unset -f which && EDTA.pl             --genome /user/brussel/109/vsc10945/home/scratch/AmphibianTELibrary/Genomes/Microcaecilia_unicolor/Microcaecilia_unicolor_headers.fna             --cds '"$CDS"'             --curatedlib /user/brussel/109/vsc10945/home/scratch/TE/Libraries/repbase/31/RepBase31.03.fasta/vrtrep.ref             --overwrite 0             --sensitive 0             --anno 1             --evaluate 1             --threads 64 > /user/brussel/109/vsc10945/home/scratch/AmphibianTELibrary/Genomes/Microcaecilia_unicolor/Microcaecilia_unicolor.denovo' 2> /user/brussel/109/vsc10945/home/scratch/AmphibianTELibrary/LOGS/edta/edta_Microcaecilia_unicolor.log
        
Submitted job 75 with external jobid 'Submitted batch job 11871815'.

[Wed Apr 15 23:23:07 2026]
rule edta:
    input: /user/brussel/109/vsc10945/home/scratch/AmphibianTELibrary/Genomes/Hymenochirus_boettgeri/Hymenochirus_boettgeri_headers.fna
    output: /user/brussel/109/vsc10945/home/scratch/AmphibianTELibrary/Genomes/Hymenochirus_boettgeri/Hymenochirus_boettgeri.denovo
    log: /user/brussel/109/vsc10945/home/scratch/AmphibianTELibrary/LOGS/edta/edta_Hymenochirus_boettgeri.log
    jobid: 105
    reason: Missing output files: /user/brussel/109/vsc10945/home/scratch/AmphibianTELibrary/Genomes/Hymenochirus_boettgeri/Hymenochirus_boettgeri.denovo
    wildcards: species=Hymenochirus_boettgeri
    resources: mem_mb=6202, mem_mib=5915, disk_mb=100000, disk_mib=95368, tmpdir=<TBD>, nodes=1, tasks=1, cpus_per_task=64, mem_mb_per_cpu=7000, runtime=7200, partition=zen4,zen5_mpi


        CDS=$(find /user/brussel/109/vsc10945/home/scratch/AmphibianTELibrary/Genomes/Hymenochirus_boettgeri -name '*cds*.fna' | head -1)
        PYTHONNOUSERSITE=1 apptainer exec /apps/brussel/containers/edta/EDTA-2.3.0--hdfd78af_0.sif bash -c             'export LC_ALL=C LANG=C LANGUAGE=C && unset -f which && EDTA.pl             --genome /user/brussel/109/vsc10945/home/scratch/AmphibianTELibrary/Genomes/Hymenochirus_boettgeri/Hymenochirus_boettgeri_headers.fna             --cds '"$CDS"'             --curatedlib /user/brussel/109/vsc10945/home/scratch/TE/Libraries/repbase/31/RepBase31.03.fasta/vrtrep.ref             --overwrite 0             --sensitive 0             --anno 1             --evaluate 1             --threads 64 > /user/brussel/109/vsc10945/home/scratch/AmphibianTELibrary/Genomes/Hymenochirus_boettgeri/Hymenochirus_boettgeri.denovo' 2> /user/brussel/109/vsc10945/home/scratch/AmphibianTELibrary/LOGS/edta/edta_Hymenochirus_boettgeri.log
        
Submitted job 105 with external jobid 'Submitted batch job 11871816'.

[Wed Apr 15 23:23:07 2026]
rule edta:
    input: /user/brussel/109/vsc10945/home/scratch/AmphibianTELibrary/Genomes/Pyxicephalus_adspersus/Pyxicephalus_adspersus_headers.fna
    output: /user/brussel/109/vsc10945/home/scratch/AmphibianTELibrary/Genomes/Pyxicephalus_adspersus/Pyxicephalus_adspersus.denovo
    log: /user/brussel/109/vsc10945/home/scratch/AmphibianTELibrary/LOGS/edta/edta_Pyxicephalus_adspersus.log
    jobid: 17
    reason: Missing output files: /user/brussel/109/vsc10945/home/scratch/AmphibianTELibrary/Genomes/Pyxicephalus_adspersus/Pyxicephalus_adspersus.denovo
    wildcards: species=Pyxicephalus_adspersus
    resources: mem_mb=2782, mem_mib=2654, disk_mb=100000, disk_mib=95368, tmpdir=<TBD>, nodes=1, tasks=1, cpus_per_task=64, mem_mb_per_cpu=7000, runtime=7200, partition=zen4,zen5_mpi


        CDS=$(find /user/brussel/109/vsc10945/home/scratch/AmphibianTELibrary/Genomes/Pyxicephalus_adspersus -name '*cds*.fna' | head -1)
        PYTHONNOUSERSITE=1 apptainer exec /apps/brussel/containers/edta/EDTA-2.3.0--hdfd78af_0.sif bash -c             'export LC_ALL=C LANG=C LANGUAGE=C && unset -f which && EDTA.pl             --genome /user/brussel/109/vsc10945/home/scratch/AmphibianTELibrary/Genomes/Pyxicephalus_adspersus/Pyxicephalus_adspersus_headers.fna             --cds '"$CDS"'             --curatedlib /user/brussel/109/vsc10945/home/scratch/TE/Libraries/repbase/31/RepBase31.03.fasta/vrtrep.ref             --overwrite 0             --sensitive 0             --anno 1             --evaluate 1             --threads 64 > /user/brussel/109/vsc10945/home/scratch/AmphibianTELibrary/Genomes/Pyxicephalus_adspersus/Pyxicephalus_adspersus.denovo' 2> /user/brussel/109/vsc10945/home/scratch/AmphibianTELibrary/LOGS/edta/edta_Pyxicephalus_adspersus.log
        
Submitted job 17 with external jobid 'Submitted batch job 11871817'.

[Wed Apr 15 23:23:07 2026]
rule edta:
    input: /user/brussel/109/vsc10945/home/scratch/AmphibianTELibrary/Genomes/Rhinophrynus_dorsalis/Rhinophrynus_dorsalis_headers.fna
    output: /user/brussel/109/vsc10945/home/scratch/AmphibianTELibrary/Genomes/Rhinophrynus_dorsalis/Rhinophrynus_dorsalis.denovo
    log: /user/brussel/109/vsc10945/home/scratch/AmphibianTELibrary/LOGS/edta/edta_Rhinophrynus_dorsalis.log
    jobid: 47
    reason: Missing output files: /user/brussel/109/vsc10945/home/scratch/AmphibianTELibrary/Genomes/Rhinophrynus_dorsalis/Rhinophrynus_dorsalis.denovo
    wildcards: species=Rhinophrynus_dorsalis
    resources: mem_mb=8000, mem_mib=7630, disk_mb=100000, disk_mib=95368, tmpdir=<TBD>, nodes=1, tasks=1, cpus_per_task=64, mem_mb_per_cpu=7000, runtime=7200, partition=zen4,zen5_mpi


        CDS=$(find /user/brussel/109/vsc10945/home/scratch/AmphibianTELibrary/Genomes/Rhinophrynus_dorsalis -name '*cds*.fna' | head -1)
        PYTHONNOUSERSITE=1 apptainer exec /apps/brussel/containers/edta/EDTA-2.3.0--hdfd78af_0.sif bash -c             'export LC_ALL=C LANG=C LANGUAGE=C && unset -f which && EDTA.pl             --genome /user/brussel/109/vsc10945/home/scratch/AmphibianTELibrary/Genomes/Rhinophrynus_dorsalis/Rhinophrynus_dorsalis_headers.fna             --cds '"$CDS"'             --curatedlib /user/brussel/109/vsc10945/home/scratch/TE/Libraries/repbase/31/RepBase31.03.fasta/vrtrep.ref             --overwrite 0             --sensitive 0             --anno 1             --evaluate 1             --threads 64 > /user/brussel/109/vsc10945/home/scratch/AmphibianTELibrary/Genomes/Rhinophrynus_dorsalis/Rhinophrynus_dorsalis.denovo' 2> /user/brussel/109/vsc10945/home/scratch/AmphibianTELibrary/LOGS/edta/edta_Rhinophrynus_dorsalis.log
        
Submitted job 47 with external jobid 'Submitted batch job 11871818'.

[Wed Apr 15 23:23:07 2026]
rule edta:
    input: /user/brussel/109/vsc10945/home/scratch/AmphibianTELibrary/Genomes/Pseudacris_triseriata/Pseudacris_triseriata_headers.fna
    output: /user/brussel/109/vsc10945/home/scratch/AmphibianTELibrary/Genomes/Pseudacris_triseriata/Pseudacris_triseriata.denovo
    log: /user/brussel/109/vsc10945/home/scratch/AmphibianTELibrary/LOGS/edta/edta_Pseudacris_triseriata.log
    jobid: 77
    reason: Missing output files: /user/brussel/109/vsc10945/home/scratch/AmphibianTELibrary/Genomes/Pseudacris_triseriata/Pseudacris_triseriata.denovo
    wildcards: species=Pseudacris_triseriata
    resources: mem_mb=7714, mem_mib=7357, disk_mb=100000, disk_mib=95368, tmpdir=<TBD>, nodes=1, tasks=1, cpus_per_task=64, mem_mb_per_cpu=7000, runtime=7200, partition=zen4,zen5_mpi


        CDS=$(find /user/brussel/109/vsc10945/home/scratch/AmphibianTELibrary/Genomes/Pseudacris_triseriata -name '*cds*.fna' | head -1)
        PYTHONNOUSERSITE=1 apptainer exec /apps/brussel/containers/edta/EDTA-2.3.0--hdfd78af_0.sif bash -c             'export LC_ALL=C LANG=C LANGUAGE=C && unset -f which && EDTA.pl             --genome /user/brussel/109/vsc10945/home/scratch/AmphibianTELibrary/Genomes/Pseudacris_triseriata/Pseudacris_triseriata_headers.fna             --cds '"$CDS"'             --curatedlib /user/brussel/109/vsc10945/home/scratch/TE/Libraries/repbase/31/RepBase31.03.fasta/vrtrep.ref             --overwrite 0             --sensitive 0             --anno 1             --evaluate 1             --threads 64 > /user/brussel/109/vsc10945/home/scratch/AmphibianTELibrary/Genomes/Pseudacris_triseriata/Pseudacris_triseriata.denovo' 2> /user/brussel/109/vsc10945/home/scratch/AmphibianTELibrary/LOGS/edta/edta_Pseudacris_triseriata.log
        
Submitted job 77 with external jobid 'Submitted batch job 11871819'.

[Wed Apr 15 23:23:07 2026]
rule edta:
    input: /user/brussel/109/vsc10945/home/scratch/AmphibianTELibrary/Genomes/Bufo_bufo/Bufo_bufo_headers.fna
    output: /user/brussel/109/vsc10945/home/scratch/AmphibianTELibrary/Genomes/Bufo_bufo/Bufo_bufo.denovo
    log: /user/brussel/109/vsc10945/home/scratch/AmphibianTELibrary/LOGS/edta/edta_Bufo_bufo.log
    jobid: 107
    reason: Missing output files: /user/brussel/109/vsc10945/home/scratch/AmphibianTELibrary/Genomes/Bufo_bufo/Bufo_bufo.denovo
    wildcards: species=Bufo_bufo
    resources: mem_mb=8000, mem_mib=7630, disk_mb=100000, disk_mib=95368, tmpdir=<TBD>, nodes=1, tasks=1, cpus_per_task=64, mem_mb_per_cpu=7000, runtime=7200, partition=zen4,zen5_mpi


        CDS=$(find /user/brussel/109/vsc10945/home/scratch/AmphibianTELibrary/Genomes/Bufo_bufo -name '*cds*.fna' | head -1)
        PYTHONNOUSERSITE=1 apptainer exec /apps/brussel/containers/edta/EDTA-2.3.0--hdfd78af_0.sif bash -c             'export LC_ALL=C LANG=C LANGUAGE=C && unset -f which && EDTA.pl             --genome /user/brussel/109/vsc10945/home/scratch/AmphibianTELibrary/Genomes/Bufo_bufo/Bufo_bufo_headers.fna             --cds '"$CDS"'             --curatedlib /user/brussel/109/vsc10945/home/scratch/TE/Libraries/repbase/31/RepBase31.03.fasta/vrtrep.ref             --overwrite 0             --sensitive 0             --anno 1             --evaluate 1             --threads 64 > /user/brussel/109/vsc10945/home/scratch/AmphibianTELibrary/Genomes/Bufo_bufo/Bufo_bufo.denovo' 2> /user/brussel/109/vsc10945/home/scratch/AmphibianTELibrary/LOGS/edta/edta_Bufo_bufo.log
        
Submitted job 107 with external jobid 'Submitted batch job 11871820'.

[Wed Apr 15 23:23:07 2026]
rule edta:
    input: /user/brussel/109/vsc10945/home/scratch/AmphibianTELibrary/Genomes/Leptobrachium_ailaonicum/Leptobrachium_ailaonicum_headers.fna
    output: /user/brussel/109/vsc10945/home/scratch/AmphibianTELibrary/Genomes/Leptobrachium_ailaonicum/Leptobrachium_ailaonicum.denovo
    log: /user/brussel/109/vsc10945/home/scratch/AmphibianTELibrary/LOGS/edta/edta_Leptobrachium_ailaonicum.log
    jobid: 19
    reason: Missing output files: /user/brussel/109/vsc10945/home/scratch/AmphibianTELibrary/Genomes/Leptobrachium_ailaonicum/Leptobrachium_ailaonicum.denovo
    wildcards: species=Leptobrachium_ailaonicum
    resources: mem_mb=6828, mem_mib=6512, disk_mb=100000, disk_mib=95368, tmpdir=<TBD>, nodes=1, tasks=1, cpus_per_task=64, mem_mb_per_cpu=7000, runtime=7200, partition=zen4,zen5_mpi


        CDS=$(find /user/brussel/109/vsc10945/home/scratch/AmphibianTELibrary/Genomes/Leptobrachium_ailaonicum -name '*cds*.fna' | head -1)
        PYTHONNOUSERSITE=1 apptainer exec /apps/brussel/containers/edta/EDTA-2.3.0--hdfd78af_0.sif bash -c             'export LC_ALL=C LANG=C LANGUAGE=C && unset -f which && EDTA.pl             --genome /user/brussel/109/vsc10945/home/scratch/AmphibianTELibrary/Genomes/Leptobrachium_ailaonicum/Leptobrachium_ailaonicum_headers.fna             --cds '"$CDS"'             --curatedlib /user/brussel/109/vsc10945/home/scratch/TE/Libraries/repbase/31/RepBase31.03.fasta/vrtrep.ref             --overwrite 0             --sensitive 0             --anno 1             --evaluate 1             --threads 64 > /user/brussel/109/vsc10945/home/scratch/AmphibianTELibrary/Genomes/Leptobrachium_ailaonicum/Leptobrachium_ailaonicum.denovo' 2> /user/brussel/109/vsc10945/home/scratch/AmphibianTELibrary/LOGS/edta/edta_Leptobrachium_ailaonicum.log
        
Submitted job 19 with external jobid 'Submitted batch job 11871821'.

[Wed Apr 15 23:23:07 2026]
rule edta:
    input: /user/brussel/109/vsc10945/home/scratch/AmphibianTELibrary/Genomes/Rana_chensinensis/Rana_chensinensis_headers.fna
    output: /user/brussel/109/vsc10945/home/scratch/AmphibianTELibrary/Genomes/Rana_chensinensis/Rana_chensinensis.denovo
    log: /user/brussel/109/vsc10945/home/scratch/AmphibianTELibrary/LOGS/edta/edta_Rana_chensinensis.log
    jobid: 49
    reason: Missing output files: /user/brussel/109/vsc10945/home/scratch/AmphibianTELibrary/Genomes/Rana_chensinensis/Rana_chensinensis.denovo
    wildcards: species=Rana_chensinensis
    resources: mem_mb=8000, mem_mib=7630, disk_mb=100000, disk_mib=95368, tmpdir=<TBD>, nodes=1, tasks=1, cpus_per_task=64, mem_mb_per_cpu=7000, runtime=7200, partition=zen4,zen5_mpi


        CDS=$(find /user/brussel/109/vsc10945/home/scratch/AmphibianTELibrary/Genomes/Rana_chensinensis -name '*cds*.fna' | head -1)
        PYTHONNOUSERSITE=1 apptainer exec /apps/brussel/containers/edta/EDTA-2.3.0--hdfd78af_0.sif bash -c             'export LC_ALL=C LANG=C LANGUAGE=C && unset -f which && EDTA.pl             --genome /user/brussel/109/vsc10945/home/scratch/AmphibianTELibrary/Genomes/Rana_chensinensis/Rana_chensinensis_headers.fna             --cds '"$CDS"'             --curatedlib /user/brussel/109/vsc10945/home/scratch/TE/Libraries/repbase/31/RepBase31.03.fasta/vrtrep.ref             --overwrite 0             --sensitive 0             --anno 1             --evaluate 1             --threads 64 > /user/brussel/109/vsc10945/home/scratch/AmphibianTELibrary/Genomes/Rana_chensinensis/Rana_chensinensis.denovo' 2> /user/brussel/109/vsc10945/home/scratch/AmphibianTELibrary/LOGS/edta/edta_Rana_chensinensis.log
        
Submitted job 49 with external jobid 'Submitted batch job 11871822'.

[Wed Apr 15 23:23:07 2026]
rule edta:
    input: /user/brussel/109/vsc10945/home/scratch/AmphibianTELibrary/Genomes/Lithobates_pipiens/Lithobates_pipiens_headers.fna
    output: /user/brussel/109/vsc10945/home/scratch/AmphibianTELibrary/Genomes/Lithobates_pipiens/Lithobates_pipiens.denovo
    log: /user/brussel/109/vsc10945/home/scratch/AmphibianTELibrary/LOGS/edta/edta_Lithobates_pipiens.log
    jobid: 79
    reason: Missing output files: /user/brussel/109/vsc10945/home/scratch/AmphibianTELibrary/Genomes/Lithobates_pipiens/Lithobates_pipiens.denovo
    wildcards: species=Lithobates_pipiens
    resources: mem_mb=8000, mem_mib=7630, disk_mb=100000, disk_mib=95368, tmpdir=<TBD>, nodes=1, tasks=1, cpus_per_task=64, mem_mb_per_cpu=7000, runtime=7200, partition=zen4,zen5_mpi


        CDS=$(find /user/brussel/109/vsc10945/home/scratch/AmphibianTELibrary/Genomes/Lithobates_pipiens -name '*cds*.fna' | head -1)
        PYTHONNOUSERSITE=1 apptainer exec /apps/brussel/containers/edta/EDTA-2.3.0--hdfd78af_0.sif bash -c             'export LC_ALL=C LANG=C LANGUAGE=C && unset -f which && EDTA.pl             --genome /user/brussel/109/vsc10945/home/scratch/AmphibianTELibrary/Genomes/Lithobates_pipiens/Lithobates_pipiens_headers.fna             --cds '"$CDS"'             --curatedlib /user/brussel/109/vsc10945/home/scratch/TE/Libraries/repbase/31/RepBase31.03.fasta/vrtrep.ref             --overwrite 0             --sensitive 0             --anno 1             --evaluate 1             --threads 64 > /user/brussel/109/vsc10945/home/scratch/AmphibianTELibrary/Genomes/Lithobates_pipiens/Lithobates_pipiens.denovo' 2> /user/brussel/109/vsc10945/home/scratch/AmphibianTELibrary/LOGS/edta/edta_Lithobates_pipiens.log
        
Submitted job 79 with external jobid 'Submitted batch job 11871823'.

[Wed Apr 15 23:23:07 2026]
rule edta:
    input: /user/brussel/109/vsc10945/home/scratch/AmphibianTELibrary/Genomes/Aquarana_catesbeiana/Aquarana_catesbeiana_headers.fna
    output: /user/brussel/109/vsc10945/home/scratch/AmphibianTELibrary/Genomes/Aquarana_catesbeiana/Aquarana_catesbeiana.denovo
    log: /user/brussel/109/vsc10945/home/scratch/AmphibianTELibrary/LOGS/edta/edta_Aquarana_catesbeiana.log
    jobid: 109
    reason: Missing output files: /user/brussel/109/vsc10945/home/scratch/AmphibianTELibrary/Genomes/Aquarana_catesbeiana/Aquarana_catesbeiana.denovo
    wildcards: species=Aquarana_catesbeiana
    resources: mem_mb=8000, mem_mib=7630, disk_mb=100000, disk_mib=95368, tmpdir=<TBD>, nodes=1, tasks=1, cpus_per_task=64, mem_mb_per_cpu=7000, runtime=7200, partition=zen4,zen5_mpi


        CDS=$(find /user/brussel/109/vsc10945/home/scratch/AmphibianTELibrary/Genomes/Aquarana_catesbeiana -name '*cds*.fna' | head -1)
        PYTHONNOUSERSITE=1 apptainer exec /apps/brussel/containers/edta/EDTA-2.3.0--hdfd78af_0.sif bash -c             'export LC_ALL=C LANG=C LANGUAGE=C && unset -f which && EDTA.pl             --genome /user/brussel/109/vsc10945/home/scratch/AmphibianTELibrary/Genomes/Aquarana_catesbeiana/Aquarana_catesbeiana_headers.fna             --cds '"$CDS"'             --curatedlib /user/brussel/109/vsc10945/home/scratch/TE/Libraries/repbase/31/RepBase31.03.fasta/vrtrep.ref             --overwrite 0             --sensitive 0             --anno 1             --evaluate 1             --threads 64 > /user/brussel/109/vsc10945/home/scratch/AmphibianTELibrary/Genomes/Aquarana_catesbeiana/Aquarana_catesbeiana.denovo' 2> /user/brussel/109/vsc10945/home/scratch/AmphibianTELibrary/LOGS/edta/edta_Aquarana_catesbeiana.log
        
Submitted job 109 with external jobid 'Submitted batch job 11871824'.

[Wed Apr 15 23:23:07 2026]
rule edta:
    input: /user/brussel/109/vsc10945/home/scratch/AmphibianTELibrary/Genomes/Rhinoderma_darwinii/Rhinoderma_darwinii_headers.fna
    output: /user/brussel/109/vsc10945/home/scratch/AmphibianTELibrary/Genomes/Rhinoderma_darwinii/Rhinoderma_darwinii.denovo
    log: /user/brussel/109/vsc10945/home/scratch/AmphibianTELibrary/LOGS/edta/edta_Rhinoderma_darwinii.log
    jobid: 21
    reason: Missing output files: /user/brussel/109/vsc10945/home/scratch/AmphibianTELibrary/Genomes/Rhinoderma_darwinii/Rhinoderma_darwinii.denovo
    wildcards: species=Rhinoderma_darwinii
    resources: mem_mb=7063, mem_mib=6736, disk_mb=100000, disk_mib=95368, tmpdir=<TBD>, nodes=1, tasks=1, cpus_per_task=64, mem_mb_per_cpu=7000, runtime=7200, partition=zen4,zen5_mpi


        CDS=$(find /user/brussel/109/vsc10945/home/scratch/AmphibianTELibrary/Genomes/Rhinoderma_darwinii -name '*cds*.fna' | head -1)
        PYTHONNOUSERSITE=1 apptainer exec /apps/brussel/containers/edta/EDTA-2.3.0--hdfd78af_0.sif bash -c             'export LC_ALL=C LANG=C LANGUAGE=C && unset -f which && EDTA.pl             --genome /user/brussel/109/vsc10945/home/scratch/AmphibianTELibrary/Genomes/Rhinoderma_darwinii/Rhinoderma_darwinii_headers.fna             --cds '"$CDS"'             --curatedlib /user/brussel/109/vsc10945/home/scratch/TE/Libraries/repbase/31/RepBase31.03.fasta/vrtrep.ref             --overwrite 0             --sensitive 0             --anno 1             --evaluate 1             --threads 64 > /user/brussel/109/vsc10945/home/scratch/AmphibianTELibrary/Genomes/Rhinoderma_darwinii/Rhinoderma_darwinii.denovo' 2> /user/brussel/109/vsc10945/home/scratch/AmphibianTELibrary/LOGS/edta/edta_Rhinoderma_darwinii.log
        
Submitted job 21 with external jobid 'Submitted batch job 11871825'.

[Wed Apr 15 23:23:07 2026]
rule edta:
    input: /user/brussel/109/vsc10945/home/scratch/AmphibianTELibrary/Genomes/Hyperolius_riggenbachi/Hyperolius_riggenbachi_headers.fna
    output: /user/brussel/109/vsc10945/home/scratch/AmphibianTELibrary/Genomes/Hyperolius_riggenbachi/Hyperolius_riggenbachi.denovo
    log: /user/brussel/109/vsc10945/home/scratch/AmphibianTELibrary/LOGS/edta/edta_Hyperolius_riggenbachi.log
    jobid: 51
    reason: Missing output files: /user/brussel/109/vsc10945/home/scratch/AmphibianTELibrary/Genomes/Hyperolius_riggenbachi/Hyperolius_riggenbachi.denovo
    wildcards: species=Hyperolius_riggenbachi
    resources: mem_mb=8000, mem_mib=7630, disk_mb=100000, disk_mib=95368, tmpdir=<TBD>, nodes=1, tasks=1, cpus_per_task=64, mem_mb_per_cpu=7000, runtime=7200, partition=zen4,zen5_mpi


        CDS=$(find /user/brussel/109/vsc10945/home/scratch/AmphibianTELibrary/Genomes/Hyperolius_riggenbachi -name '*cds*.fna' | head -1)
        PYTHONNOUSERSITE=1 apptainer exec /apps/brussel/containers/edta/EDTA-2.3.0--hdfd78af_0.sif bash -c             'export LC_ALL=C LANG=C LANGUAGE=C && unset -f which && EDTA.pl             --genome /user/brussel/109/vsc10945/home/scratch/AmphibianTELibrary/Genomes/Hyperolius_riggenbachi/Hyperolius_riggenbachi_headers.fna             --cds '"$CDS"'             --curatedlib /user/brussel/109/vsc10945/home/scratch/TE/Libraries/repbase/31/RepBase31.03.fasta/vrtrep.ref             --overwrite 0             --sensitive 0             --anno 1             --evaluate 1             --threads 64 > /user/brussel/109/vsc10945/home/scratch/AmphibianTELibrary/Genomes/Hyperolius_riggenbachi/Hyperolius_riggenbachi.denovo' 2> /user/brussel/109/vsc10945/home/scratch/AmphibianTELibrary/LOGS/edta/edta_Hyperolius_riggenbachi.log
        
Submitted job 51 with external jobid 'Submitted batch job 11871826'.

[Wed Apr 15 23:23:07 2026]
rule edta:
    input: /user/brussel/109/vsc10945/home/scratch/AmphibianTELibrary/Genomes/Lissotriton_helveticus/Lissotriton_helveticus_headers.fna
    output: /user/brussel/109/vsc10945/home/scratch/AmphibianTELibrary/Genomes/Lissotriton_helveticus/Lissotriton_helveticus.denovo
    log: /user/brussel/109/vsc10945/home/scratch/AmphibianTELibrary/LOGS/edta/edta_Lissotriton_helveticus.log
    jobid: 81
    reason: Missing output files: /user/brussel/109/vsc10945/home/scratch/AmphibianTELibrary/Genomes/Lissotriton_helveticus/Lissotriton_helveticus.denovo
    wildcards: species=Lissotriton_helveticus
    resources: mem_mb=8000, mem_mib=7630, disk_mb=100000, disk_mib=95368, tmpdir=<TBD>, nodes=1, tasks=1, cpus_per_task=64, mem_mb_per_cpu=7000, runtime=7200, partition=zen4,zen5_mpi


        CDS=$(find /user/brussel/109/vsc10945/home/scratch/AmphibianTELibrary/Genomes/Lissotriton_helveticus -name '*cds*.fna' | head -1)
        PYTHONNOUSERSITE=1 apptainer exec /apps/brussel/containers/edta/EDTA-2.3.0--hdfd78af_0.sif bash -c             'export LC_ALL=C LANG=C LANGUAGE=C && unset -f which && EDTA.pl             --genome /user/brussel/109/vsc10945/home/scratch/AmphibianTELibrary/Genomes/Lissotriton_helveticus/Lissotriton_helveticus_headers.fna             --cds '"$CDS"'             --curatedlib /user/brussel/109/vsc10945/home/scratch/TE/Libraries/repbase/31/RepBase31.03.fasta/vrtrep.ref             --overwrite 0             --sensitive 0             --anno 1             --evaluate 1             --threads 64 > /user/brussel/109/vsc10945/home/scratch/AmphibianTELibrary/Genomes/Lissotriton_helveticus/Lissotriton_helveticus.denovo' 2> /user/brussel/109/vsc10945/home/scratch/AmphibianTELibrary/LOGS/edta/edta_Lissotriton_helveticus.log
        
Submitted job 81 with external jobid 'Submitted batch job 11871827'.

[Wed Apr 15 23:23:08 2026]
rule edta:
    input: /user/brussel/109/vsc10945/home/scratch/AmphibianTELibrary/Genomes/Discoglossus_pictus/Discoglossus_pictus_headers.fna
    output: /user/brussel/109/vsc10945/home/scratch/AmphibianTELibrary/Genomes/Discoglossus_pictus/Discoglossus_pictus.denovo
    log: /user/brussel/109/vsc10945/home/scratch/AmphibianTELibrary/LOGS/edta/edta_Discoglossus_pictus.log
    jobid: 111
    reason: Missing output files: /user/brussel/109/vsc10945/home/scratch/AmphibianTELibrary/Genomes/Discoglossus_pictus/Discoglossus_pictus.denovo
    wildcards: species=Discoglossus_pictus
    resources: mem_mb=7479, mem_mib=7133, disk_mb=100000, disk_mib=95368, tmpdir=<TBD>, nodes=1, tasks=1, cpus_per_task=64, mem_mb_per_cpu=7000, runtime=7200, partition=zen4,zen5_mpi


        CDS=$(find /user/brussel/109/vsc10945/home/scratch/AmphibianTELibrary/Genomes/Discoglossus_pictus -name '*cds*.fna' | head -1)
        PYTHONNOUSERSITE=1 apptainer exec /apps/brussel/containers/edta/EDTA-2.3.0--hdfd78af_0.sif bash -c             'export LC_ALL=C LANG=C LANGUAGE=C && unset -f which && EDTA.pl             --genome /user/brussel/109/vsc10945/home/scratch/AmphibianTELibrary/Genomes/Discoglossus_pictus/Discoglossus_pictus_headers.fna             --cds '"$CDS"'             --curatedlib /user/brussel/109/vsc10945/home/scratch/TE/Libraries/repbase/31/RepBase31.03.fasta/vrtrep.ref             --overwrite 0             --sensitive 0             --anno 1             --evaluate 1             --threads 64 > /user/brussel/109/vsc10945/home/scratch/AmphibianTELibrary/Genomes/Discoglossus_pictus/Discoglossus_pictus.denovo' 2> /user/brussel/109/vsc10945/home/scratch/AmphibianTELibrary/LOGS/edta/edta_Discoglossus_pictus.log
        
Submitted job 111 with external jobid 'Submitted batch job 11871828'.

[Wed Apr 15 23:23:08 2026]
rule edta:
    input: /user/brussel/109/vsc10945/home/scratch/AmphibianTELibrary/Genomes/Bombina_variegata/Bombina_variegata_headers.fna
    output: /user/brussel/109/vsc10945/home/scratch/AmphibianTELibrary/Genomes/Bombina_variegata/Bombina_variegata.denovo
    log: /user/brussel/109/vsc10945/home/scratch/AmphibianTELibrary/LOGS/edta/edta_Bombina_variegata.log
    jobid: 83
    reason: Missing output files: /user/brussel/109/vsc10945/home/scratch/AmphibianTELibrary/Genomes/Bombina_variegata/Bombina_variegata.denovo
    wildcards: species=Bombina_variegata
    resources: mem_mb=8000, mem_mib=7630, disk_mb=100000, disk_mib=95368, tmpdir=<TBD>, nodes=1, tasks=1, cpus_per_task=64, mem_mb_per_cpu=7000, runtime=7200, partition=zen4,zen5_mpi


        CDS=$(find /user/brussel/109/vsc10945/home/scratch/AmphibianTELibrary/Genomes/Bombina_variegata -name '*cds*.fna' | head -1)
        PYTHONNOUSERSITE=1 apptainer exec /apps/brussel/containers/edta/EDTA-2.3.0--hdfd78af_0.sif bash -c             'export LC_ALL=C LANG=C LANGUAGE=C && unset -f which && EDTA.pl             --genome /user/brussel/109/vsc10945/home/scratch/AmphibianTELibrary/Genomes/Bombina_variegata/Bombina_variegata_headers.fna             --cds '"$CDS"'             --curatedlib /user/brussel/109/vsc10945/home/scratch/TE/Libraries/repbase/31/RepBase31.03.fasta/vrtrep.ref             --overwrite 0             --sensitive 0             --anno 1             --evaluate 1             --threads 64 > /user/brussel/109/vsc10945/home/scratch/AmphibianTELibrary/Genomes/Bombina_variegata/Bombina_variegata.denovo' 2> /user/brussel/109/vsc10945/home/scratch/AmphibianTELibrary/LOGS/edta/edta_Bombina_variegata.log
        
Submitted job 83 with external jobid 'Submitted batch job 11871829'.

[Wed Apr 15 23:23:08 2026]
rule edta:
    input: /user/brussel/109/vsc10945/home/scratch/AmphibianTELibrary/Genomes/Ichthyophis_bannanicus/Ichthyophis_bannanicus_headers.fna
    output: /user/brussel/109/vsc10945/home/scratch/AmphibianTELibrary/Genomes/Ichthyophis_bannanicus/Ichthyophis_bannanicus.denovo
    log: /user/brussel/109/vsc10945/home/scratch/AmphibianTELibrary/LOGS/edta/edta_Ichthyophis_bannanicus.log
    jobid: 23
    reason: Missing output files: /user/brussel/109/vsc10945/home/scratch/AmphibianTELibrary/Genomes/Ichthyophis_bannanicus/Ichthyophis_bannanicus.denovo
    wildcards: species=Ichthyophis_bannanicus
    resources: mem_mb=8000, mem_mib=7630, disk_mb=100000, disk_mib=95368, tmpdir=<TBD>, nodes=1, tasks=1, cpus_per_task=64, mem_mb_per_cpu=7000, runtime=7200, partition=zen4,zen5_mpi


        CDS=$(find /user/brussel/109/vsc10945/home/scratch/AmphibianTELibrary/Genomes/Ichthyophis_bannanicus -name '*cds*.fna' | head -1)
        PYTHONNOUSERSITE=1 apptainer exec /apps/brussel/containers/edta/EDTA-2.3.0--hdfd78af_0.sif bash -c             'export LC_ALL=C LANG=C LANGUAGE=C && unset -f which && EDTA.pl             --genome /user/brussel/109/vsc10945/home/scratch/AmphibianTELibrary/Genomes/Ichthyophis_bannanicus/Ichthyophis_bannanicus_headers.fna             --cds '"$CDS"'             --curatedlib /user/brussel/109/vsc10945/home/scratch/TE/Libraries/repbase/31/RepBase31.03.fasta/vrtrep.ref             --overwrite 0             --sensitive 0             --anno 1             --evaluate 1             --threads 64 > /user/brussel/109/vsc10945/home/scratch/AmphibianTELibrary/Genomes/Ichthyophis_bannanicus/Ichthyophis_bannanicus.denovo' 2> /user/brussel/109/vsc10945/home/scratch/AmphibianTELibrary/LOGS/edta/edta_Ichthyophis_bannanicus.log
        
Submitted job 23 with external jobid 'Submitted batch job 11871830'.

[Wed Apr 15 23:23:08 2026]
rule edta:
    input: /user/brussel/109/vsc10945/home/scratch/AmphibianTELibrary/Genomes/Crinia_signifera/Crinia_signifera_headers.fna
    output: /user/brussel/109/vsc10945/home/scratch/AmphibianTELibrary/Genomes/Crinia_signifera/Crinia_signifera.denovo
    log: /user/brussel/109/vsc10945/home/scratch/AmphibianTELibrary/LOGS/edta/edta_Crinia_signifera.log
    jobid: 53
    reason: Missing output files: /user/brussel/109/vsc10945/home/scratch/AmphibianTELibrary/Genomes/Crinia_signifera/Crinia_signifera.denovo
    wildcards: species=Crinia_signifera
    resources: mem_mb=6247, mem_mib=5958, disk_mb=100000, disk_mib=95368, tmpdir=<TBD>, nodes=1, tasks=1, cpus_per_task=64, mem_mb_per_cpu=7000, runtime=7200, partition=zen4,zen5_mpi


        CDS=$(find /user/brussel/109/vsc10945/home/scratch/AmphibianTELibrary/Genomes/Crinia_signifera -name '*cds*.fna' | head -1)
        PYTHONNOUSERSITE=1 apptainer exec /apps/brussel/containers/edta/EDTA-2.3.0--hdfd78af_0.sif bash -c             'export LC_ALL=C LANG=C LANGUAGE=C && unset -f which && EDTA.pl             --genome /user/brussel/109/vsc10945/home/scratch/AmphibianTELibrary/Genomes/Crinia_signifera/Crinia_signifera_headers.fna             --cds '"$CDS"'             --curatedlib /user/brussel/109/vsc10945/home/scratch/TE/Libraries/repbase/31/RepBase31.03.fasta/vrtrep.ref             --overwrite 0             --sensitive 0             --anno 1             --evaluate 1             --threads 64 > /user/brussel/109/vsc10945/home/scratch/AmphibianTELibrary/Genomes/Crinia_signifera/Crinia_signifera.denovo' 2> /user/brussel/109/vsc10945/home/scratch/AmphibianTELibrary/LOGS/edta/edta_Crinia_signifera.log
        
Submitted job 53 with external jobid 'Submitted batch job 11871831'.
Terminating processes on user request, this might take some time.
No --cluster-cancel given. Will exit after finishing currently running jobs.
Complete log: .snakemake/log/2026-04-15T232302.803437.snakemake.log
WorkflowError:
At least one job did not complete successfully.
